[2026-06-06 06:35:11Z INFO HostContext] No proxy settings were found based on environmental variables (http_proxy/https_proxy/HTTP_PROXY/HTTPS_PROXY)
[2026-06-06 06:35:11Z INFO HostContext] Well known directory 'Bin': 'C:\Users\Jean\AulaCI_POS\pgats-ci\actions-runner\bin'
[2026-06-06 06:35:11Z INFO HostContext] Well known directory 'Root': 'C:\Users\Jean\AulaCI_POS\pgats-ci\actions-runner'
[2026-06-06 06:35:11Z INFO HostContext] Well known config file 'Credentials': 'C:\Users\Jean\AulaCI_POS\pgats-ci\actions-runner\.credentials'
[2026-06-06 06:35:11Z INFO HostContext] Well known directory 'Bin': 'C:\Users\Jean\AulaCI_POS\pgats-ci\actions-runner\bin'
[2026-06-06 06:35:11Z INFO HostContext] Well known directory 'Root': 'C:\Users\Jean\AulaCI_POS\pgats-ci\actions-runner'
[2026-06-06 06:35:11Z INFO HostContext] Well known config file 'Runner': 'C:\Users\Jean\AulaCI_POS\pgats-ci\actions-runner\.runner'
[2026-06-06 06:35:11Z INFO Worker] Version: 2.334.0
[2026-06-06 06:35:11Z INFO Worker] Commit: f1995ede5d885c997d13d8eca5467c4ce97fe69c
[2026-06-06 06:35:11Z INFO Worker] Culture: pt-BR
[2026-06-06 06:35:11Z INFO Worker] UI Culture: pt-BR
[2026-06-06 06:35:11Z INFO Worker] Waiting to receive the job message from the channel.
[2026-06-06 06:35:11Z INFO ProcessChannel] Receiving message of length 21376, with hash '8e4ba62193069a87977fb86f097582fece54002a4ab916544314f76f78ef1ba7'
[2026-06-06 06:35:11Z INFO Worker] Message received.
[2026-06-06 06:35:11Z INFO Worker] Job message:
 {
  "fileTable": [
    ".github/workflows/01-manual-exec.yaml"
  ],
  "mask": [
    {
      "type": "regex",
      "value": "***"
    },
    {
      "type": "regex",
      "value": "***"
    },
    {
      "type": "regex",
      "value": "***"
    },
    {
      "type": "regex",
      "value": "***"
    },
    {
      "type": "regex",
      "value": "***"
    },
    {
      "type": "regex",
      "value": "***"
    },
    {
      "type": "regex",
      "value": "***"
    },
    {
      "type": "regex",
      "value": "***"
    },
    {
      "type": "regex",
      "value": "***"
    },
    {
      "type": "regex",
      "value": "***"
    },
    {
      "type": "regex",
      "value": "***"
    },
    {
      "type": "regex",
      "value": "***"
    },
    {
      "type": "regex",
      "value": "***"
    },
    {
      "type": "regex",
      "value": "***"
    },
    {
      "type": "regex",
      "value": "***"
    },
    {
      "type": "regex",
      "value": "***"
    },
    {
      "type": "regex",
      "value": "***"
    },
    {
      "type": "regex",
      "value": "***"
    },
    {
      "type": "regex",
      "value": "***"
    },
    {
      "type": "regex",
      "value": "***"
    },
    {
      "type": "regex",
      "value": "***"
    },
    {
      "type": "regex",
      "value": "***"
    },
    {
      "type": "regex",
      "value": "***"
    },
    {
      "type": "regex",
      "value": "***"
    }
  ],
  "steps": [
    {
      "type": "action",
      "reference": {
        "type": "repository",
        "name": "actions/checkout",
        "ref": "v4",
        "repositoryType": "GitHub"
      },
      "contextName": "__actions_checkout",
      "condition": "success()",
      "id": "0832bce0-2f5a-4e7b-9b57-87ad985b375d",
      "name": "__actions_checkout"
    },
    {
      "type": "action",
      "reference": {
        "type": "repository",
        "name": "actions/setup-node",
        "ref": "v4",
        "repositoryType": "GitHub"
      },
      "contextName": "__actions_setup-node",
      "inputs": {
        "type": 2,
        "file": 1,
        "line": 53,
        "col": 11,
        "map": [
          {
            "key": {
              "type": 0,
              "file": 1,
              "line": 53,
              "col": 11,
              "lit": "node-version"
            },
            "value": {
              "type": 0,
              "file": 1,
              "line": 53,
              "col": 25,
              "lit": "24.x"
            }
          }
        ]
      },
      "condition": "success()",
      "id": "0d1888d2-623e-4805-8711-b4e25d081deb",
      "name": "__actions_setup-node"
    },
    {
      "type": "action",
      "reference": {
        "type": "script"
      },
      "displayNameToken": {
        "type": 0,
        "file": 1,
        "line": 56,
        "col": 15,
        "lit": "Instalando Yarn"
      },
      "contextName": "__run",
      "inputs": {
        "type": 2,
        "map": [
          {
            "key": "script",
            "value": {
              "type": 0,
              "file": 1,
              "line": 57,
              "col": 14,
              "lit": "npm install -g yarn"
            }
          }
        ]
      },
      "condition": "success()",
      "id": "9e3dbcb9-6e00-4f53-b07c-b63ad1a77ee1",
      "name": "__run"
    },
    {
      "type": "action",
      "reference": {
        "type": "script"
      },
      "displayNameToken": {
        "type": 0,
        "file": 1,
        "line": 60,
        "col": 15,
        "lit": "Instalando dependências"
      },
      "contextName": "__run_2",
      "inputs": {
        "type": 2,
        "map": [
          {
            "key": "script",
            "value": {
              "type": 0,
              "file": 1,
              "line": 61,
              "col": 14,
              "lit": "yarn"
            }
          }
        ]
      },
      "condition": "success()",
      "id": "c2febb44-2c6d-4681-bffe-fc8ad1b3b44e",
      "name": "__run_2"
    },
    {
      "type": "action",
      "reference": {
        "type": "script"
      },
      "displayNameToken": {
        "type": 0,
        "file": 1,
        "line": 64,
        "col": 15,
        "lit": "Instalando Browsers do Playwright"
      },
      "contextName": "__run_3",
      "inputs": {
        "type": 2,
        "map": [
          {
            "key": "script",
            "value": {
              "type": 0,
              "file": 1,
              "line": 65,
              "col": 14,
              "lit": "yarn playwright install"
            }
          }
        ]
      },
      "condition": "success()",
      "id": "6f0c03f8-3787-4022-8db3-2ca64d3dd3b4",
      "name": "__run_3"
    },
    {
      "type": "action",
      "reference": {
        "type": "script"
      },
      "displayNameToken": {
        "type": 0,
        "file": 1,
        "line": 68,
        "col": 15,
        "lit": "Executando testes e2e"
      },
      "contextName": "__run_4",
      "inputs": {
        "type": 2,
        "map": [
          {
            "key": "script",
            "value": {
              "type": 0,
              "file": 1,
              "line": 69,
              "col": 14,
              "lit": "yarn run e2e"
            }
          }
        ]
      },
      "condition": "success()",
      "id": "f441ce4f-4df7-4af8-8313-9e82461a66fd",
      "name": "__run_4"
    }
  ],
  "variables": {
    "Actions.EnableHttpRedirects": {
      "value": "true"
    },
    "DistributedTask.AddWarningToNode12Action": {
      "value": "true"
    },
    "DistributedTask.AddWarningToNode16Action": {
      "value": "true"
    },
    "DistributedTask.AllowRunnerContainerHooks": {
      "value": "true"
    },
    "DistributedTask.DeprecateStepOutputCommands": {
      "value": "true"
    },
    "DistributedTask.DetailUntarFailure": {
      "value": "true"
    },
    "DistributedTask.EnableCompositeActions": {
      "value": "true"
    },
    "DistributedTask.EnableJobServerQueueTelemetry": {
      "value": "true"
    },
    "DistributedTask.EnhancedAnnotations": {
      "value": "true"
    },
    "DistributedTask.ForceGithubJavascriptActionsToNode16": {
      "value": "true"
    },
    "DistributedTask.ForceGithubJavascriptActionsToNode20": {
      "value": "true"
    },
    "DistributedTask.LogTemplateErrorsAsDebugMessages": {
      "value": "true"
    },
    "DistributedTask.MarkJobAsFailedOnWorkerCrash": {
      "value": "true"
    },
    "DistributedTask.NewActionMetadata": {
      "value": "true"
    },
    "DistributedTask.UploadStepSummary": {
      "value": "true"
    },
    "DistributedTask.UseActionArchiveCache": {
      "value": "true"
    },
    "DistributedTask.UseWhich2": {
      "value": "true"
    },
    "RunService.FixEmbeddedIssues": {
      "value": "true"
    },
    "actions.runner.requirenode24": {
      "value": "false"
    },
    "actions.runner.usenode24bydefault": {
      "value": "false"
    },
    "actions.runner.warnonnode20": {
      "value": "true"
    },
    "actions_add_check_run_id_to_job_context": {
      "value": "true"
    },
    "actions_batch_action_resolution": {
      "value": "false"
    },
    "actions_container_action_runner_temp": {
      "value": "true"
    },
    "actions_display_helpful_actions_download_errors": {
      "value": "true"
    },
    "actions_runner_compare_workflow_parser": {
      "value": "false"
    },
    "actions_runner_deprecate_linux_arm32": {
      "value": "false"
    },
    "actions_runner_emit_composite_markers": {
      "value": "false"
    },
    "actions_runner_kill_linux_arm32": {
      "value": "false"
    },
    "actions_runner_node20_removal_date": {
      "value": ""
    },
    "actions_runner_node24_default_date": {
      "value": "June 16th, 2026"
    },
    "actions_service_container_command": {
      "value": "true"
    },
    "actions_set_orchestration_id_env_for_actions": {
      "value": "true"
    },
    "actions_skip_retry_complete_job_upon_known_errors": {
      "value": "true"
    },
    "actions_snapshot_preflight_hosted_runner_check": {
      "value": "false"
    },
    "actions_snapshot_preflight_image_gen_pool_check": {
      "value": "false"
    },
    "actions_use_bearer_token_for_codeload": {
      "value": "false"
    },
    "actions_uses_cache_service_v2": {
      "value": "true"
    },
    "github_token": {
      "value": "***",
      "isSecret": true
    },
    "system.from_run_service": {
      "value": "true"
    },
    "system.github.job": {
      "value": "e2e-tests"
    },
    "system.github.launch_endpoint": {
      "value": "https://launch.actions.githubusercontent.com"
    },
    "system.github.results_endpoint": {
      "value": "https://results-receiver.actions.githubusercontent.com/"
    },
    "system.github.results_upload_with_sdk": {
      "value": "true"
    },
    "system.github.token": {
      "value": "***",
      "isSecret": true
    },
    "system.github.token.permissions": {
      "value": "{\"Contents\":\"read\",\"Metadata\":\"read\",\"Packages\":\"read\"}"
    },
    "system.orchestrationId": {
      "value": "f9c4827b-31cc-423a-bb9b-492c28b04993.e2e-tests.__default"
    },
    "system.phaseDisplayName": {
      "value": "Executando testes e2e"
    },
    "system.runner.lowdiskspacethreshold": {
      "value": "100"
    },
    "system.runnerEnvironment": {
      "value": "self-hosted"
    },
    "system.runnerGroupName": {
      "value": "Default"
    }
  },
  "messageType": "RunnerJobRequest",
  "plan": {
    "scopeIdentifier": "00000000-0000-0000-0000-000000000000",
    "planType": "actions",
    "version": 0,
    "planId": "f9c4827b-31cc-423a-bb9b-492c28b04993",
    "planGroup": null,
    "artifactUri": null,
    "artifactLocation": null,
    "definition": null,
    "owner": null
  },
  "timeline": {
    "id": "f9c4827b-31cc-423a-bb9b-492c28b04993",
    "changeId": 0,
    "location": null
  },
  "jobId": "094cf1e8-73a5-575f-9cb0-1707aecea06f",
  "jobDisplayName": "Executando testes e2e",
  "jobName": "__default",
  "requestId": 0,
  "lockedUntil": "0001-01-01T00:00:00",
  "resources": {
    "endpoints": [
      {
        "data": {
          "ServerId": "",
          "ServerName": "",
          "CacheServerUrl": "https://artifactcache.actions.githubusercontent.com/tDkJzJTq92GJNFChkz0P3aIJkNV802opHukFrzSqrFus3Ctr7s/",
          "FeedStreamUrl": "wss://results-receiver.actions.githubusercontent.com/_ws/ingest.sock",
          "ResultsServiceUrl": "https://results-receiver.actions.githubusercontent.com/",
          "PipelinesServiceUrl": "https://pipelinesghubeus2.actions.githubusercontent.com/tDkJzJTq92GJNFChkz0P3aIJkNV802opHukFrzSqrFus3Ctr7s/",
          "GenerateIdTokenUrl": "",
          "ConnectivityChecks": "[\"https://broker.actions.githubusercontent.com/health\",\"https://token.actions.githubusercontent.com/ready\",\"https://run.actions.githubusercontent.com/health\"]"
        },
        "name": "SystemVssConnection",
        "url": "https://run-actions-2-azure-eastus.actions.githubusercontent.com/128/",
        "authorization": {
          "parameters": {
            "AccessToken": "***"
          },
          "scheme": "OAuth"
        },
        "isShared": false,
        "isReady": true
      }
    ]
  },
  "contextData": {
    "github": {
      "t": 2,
      "d": [
        {
          "k": "ref",
          "v": "refs/heads/master"
        },
        {
          "k": "sha",
          "v": "2823bde9aa4e9f8f34503386dad0799295fdeca8"
        },
        {
          "k": "repository",
          "v": "jeanfelippe/pgats-ci"
        },
        {
          "k": "repository_owner",
          "v": "jeanfelippe"
        },
        {
          "k": "repository_owner_id",
          "v": "32116426"
        },
        {
          "k": "repositoryUrl",
          "v": "git://github.com/jeanfelippe/pgats-ci.git"
        },
        {
          "k": "run_id",
          "v": "27055105560"
        },
        {
          "k": "run_number",
          "v": "12"
        },
        {
          "k": "retention_days",
          "v": "90"
        },
        {
          "k": "run_attempt",
          "v": "1"
        },
        {
          "k": "artifact_cache_size_limit",
          "v": "10"
        },
        {
          "k": "repository_visibility",
          "v": "public"
        },
        {
          "k": "actor_id",
          "v": "32116426"
        },
        {
          "k": "actor",
          "v": "jeanfelippe"
        },
        {
          "k": "workflow",
          "v": "Execução Manual"
        },
        {
          "k": "head_ref",
          "v": ""
        },
        {
          "k": "base_ref",
          "v": ""
        },
        {
          "k": "event_name",
          "v": "workflow_dispatch"
        },
        {
          "k": "server_url",
          "v": "https://github.com"
        },
        {
          "k": "api_url",
          "v": "https://api.github.com"
        },
        {
          "k": "graphql_url",
          "v": "https://api.github.com/graphql"
        },
        {
          "k": "ref_name",
          "v": "master"
        },
        {
          "k": "ref_protected",
          "v": false
        },
        {
          "k": "ref_type",
          "v": "branch"
        },
        {
          "k": "secret_source",
          "v": "Actions"
        },
        {
          "k": "event",
          "v": {
            "t": 2,
            "d": [
              {
                "k": "ref",
                "v": "refs/heads/master"
              },
              {
                "k": "workflow",
                "v": ".github/workflows/01-manual-exec.yaml"
              },
              {
                "k": "inputs",
                "v": null
              },
              {
                "k": "repository",
                "v": {
                  "t": 2,
                  "d": [
                    {
                      "k": "id",
                      "v": 1253890398.0
                    },
                    {
                      "k": "node_id",
                      "v": "R_kgDOSrzZXg"
                    },
                    {
                      "k": "name",
                      "v": "pgats-ci"
                    },
                    {
                      "k": "full_name",
                      "v": "jeanfelippe/pgats-ci"
                    },
                    {
                      "k": "private",
                      "v": false
                    },
                    {
                      "k": "owner",
                      "v": {
                        "t": 2,
                        "d": [
                          {
                            "k": "login",
                            "v": "jeanfelippe"
                          },
                          {
                            "k": "id",
                            "v": 32116426.0
                          },
                          {
                            "k": "node_id",
                            "v": "MDQ6VXNlcjMyMTE2NDI2"
                          },
                          {
                            "k": "avatar_url",
                            "v": "https://avatars.githubusercontent.com/u/32116426?v=4"
                          },
                          {
                            "k": "gravatar_id",
                            "v": ""
                          },
                          {
                            "k": "url",
                            "v": "https://api.github.com/users/jeanfelippe"
                          },
                          {
                            "k": "html_url",
                            "v": "https://github.com/jeanfelippe"
                          },
                          {
                            "k": "followers_url",
                            "v": "https://api.github.com/users/jeanfelippe/followers"
                          },
                          {
                            "k": "following_url",
                            "v": "https://api.github.com/users/jeanfelippe/following{/other_user}"
                          },
                          {
                            "k": "gists_url",
                            "v": "https://api.github.com/users/jeanfelippe/gists{/gist_id}"
                          },
                          {
                            "k": "starred_url",
                            "v": "https://api.github.com/users/jeanfelippe/starred{/owner}{/repo}"
                          },
                          {
                            "k": "subscriptions_url",
                            "v": "https://api.github.com/users/jeanfelippe/subscriptions"
                          },
                          {
                            "k": "organizations_url",
                            "v": "https://api.github.com/users/jeanfelippe/orgs"
                          },
                          {
                            "k": "repos_url",
                            "v": "https://api.github.com/users/jeanfelippe/repos"
                          },
                          {
                            "k": "events_url",
                            "v": "https://api.github.com/users/jeanfelippe/events{/privacy}"
                          },
                          {
                            "k": "received_events_url",
                            "v": "https://api.github.com/users/jeanfelippe/received_events"
                          },
                          {
                            "k": "type",
                            "v": "User"
                          },
                          {
                            "k": "user_view_type",
                            "v": "public"
                          },
                          {
                            "k": "site_admin",
                            "v": false
                          }
                        ]
                      }
                    },
                    {
                      "k": "html_url",
                      "v": "https://github.com/jeanfelippe/pgats-ci"
                    },
                    {
                      "k": "description",
                      "v": null
                    },
                    {
                      "k": "fork",
                      "v": true
                    },
                    {
                      "k": "url",
                      "v": "https://api.github.com/repos/jeanfelippe/pgats-ci"
                    },
                    {
                      "k": "forks_url",
                      "v": "https://api.github.com/repos/jeanfelippe/pgats-ci/forks"
                    },
                    {
                      "k": "keys_url",
                      "v": "https://api.github.com/repos/jeanfelippe/pgats-ci/keys{/key_id}"
                    },
                    {
                      "k": "collaborators_url",
                      "v": "https://api.github.com/repos/jeanfelippe/pgats-ci/collaborators{/collaborator}"
                    },
                    {
                      "k": "teams_url",
                      "v": "https://api.github.com/repos/jeanfelippe/pgats-ci/teams"
                    },
                    {
                      "k": "hooks_url",
                      "v": "https://api.github.com/repos/jeanfelippe/pgats-ci/hooks"
                    },
                    {
                      "k": "issue_events_url",
                      "v": "https://api.github.com/repos/jeanfelippe/pgats-ci/issues/events{/number}"
                    },
                    {
                      "k": "events_url",
                      "v": "https://api.github.com/repos/jeanfelippe/pgats-ci/events"
                    },
                    {
                      "k": "assignees_url",
                      "v": "https://api.github.com/repos/jeanfelippe/pgats-ci/assignees{/user}"
                    },
                    {
                      "k": "branches_url",
                      "v": "https://api.github.com/repos/jeanfelippe/pgats-ci/branches{/branch}"
                    },
                    {
                      "k": "tags_url",
                      "v": "https://api.github.com/repos/jeanfelippe/pgats-ci/tags"
                    },
                    {
                      "k": "blobs_url",
                      "v": "https://api.github.com/repos/jeanfelippe/pgats-ci/git/blobs{/sha}"
                    },
                    {
                      "k": "git_tags_url",
                      "v": "https://api.github.com/repos/jeanfelippe/pgats-ci/git/tags{/sha}"
                    },
                    {
                      "k": "git_refs_url",
                      "v": "https://api.github.com/repos/jeanfelippe/pgats-ci/git/refs{/sha}"
                    },
                    {
                      "k": "trees_url",
                      "v": "https://api.github.com/repos/jeanfelippe/pgats-ci/git/trees{/sha}"
                    },
                    {
                      "k": "statuses_url",
                      "v": "https://api.github.com/repos/jeanfelippe/pgats-ci/statuses/{sha}"
                    },
                    {
                      "k": "languages_url",
                      "v": "https://api.github.com/repos/jeanfelippe/pgats-ci/languages"
                    },
                    {
                      "k": "stargazers_url",
                      "v": "https://api.github.com/repos/jeanfelippe/pgats-ci/stargazers"
                    },
                    {
                      "k": "contributors_url",
                      "v": "https://api.github.com/repos/jeanfelippe/pgats-ci/contributors"
                    },
                    {
                      "k": "subscribers_url",
                      "v": "https://api.github.com/repos/jeanfelippe/pgats-ci/subscribers"
                    },
                    {
                      "k": "subscription_url",
                      "v": "https://api.github.com/repos/jeanfelippe/pgats-ci/subscription"
                    },
                    {
                      "k": "commits_url",
                      "v": "https://api.github.com/repos/jeanfelippe/pgats-ci/commits{/sha}"
                    },
                    {
                      "k": "git_commits_url",
                      "v": "https://api.github.com/repos/jeanfelippe/pgats-ci/git/commits{/sha}"
                    },
                    {
                      "k": "comments_url",
                      "v": "https://api.github.com/repos/jeanfelippe/pgats-ci/comments{/number}"
                    },
                    {
                      "k": "issue_comment_url",
                      "v": "https://api.github.com/repos/jeanfelippe/pgats-ci/issues/comments{/number}"
                    },
                    {
                      "k": "contents_url",
                      "v": "https://api.github.com/repos/jeanfelippe/pgats-ci/contents/{+path}"
                    },
                    {
                      "k": "compare_url",
                      "v": "https://api.github.com/repos/jeanfelippe/pgats-ci/compare/{base}...{head}"
                    },
                    {
                      "k": "merges_url",
                      "v": "https://api.github.com/repos/jeanfelippe/pgats-ci/merges"
                    },
                    {
                      "k": "archive_url",
                      "v": "https://api.github.com/repos/jeanfelippe/pgats-ci/{archive_format}{/ref}"
                    },
                    {
                      "k": "downloads_url",
                      "v": "https://api.github.com/repos/jeanfelippe/pgats-ci/downloads"
                    },
                    {
                      "k": "issues_url",
                      "v": "https://api.github.com/repos/jeanfelippe/pgats-ci/issues{/number}"
                    },
                    {
                      "k": "pulls_url",
                      "v": "https://api.github.com/repos/jeanfelippe/pgats-ci/pulls{/number}"
                    },
                    {
                      "k": "milestones_url",
                      "v": "https://api.github.com/repos/jeanfelippe/pgats-ci/milestones{/number}"
                    },
                    {
                      "k": "notifications_url",
                      "v": "https://api.github.com/repos/jeanfelippe/pgats-ci/notifications{?since,all,participating}"
                    },
                    {
                      "k": "labels_url",
                      "v": "https://api.github.com/repos/jeanfelippe/pgats-ci/labels{/name}"
                    },
                    {
                      "k": "releases_url",
                      "v": "https://api.github.com/repos/jeanfelippe/pgats-ci/releases{/id}"
                    },
                    {
                      "k": "deployments_url",
                      "v": "https://api.github.com/repos/jeanfelippe/pgats-ci/deployments"
                    },
                    {
                      "k": "created_at",
                      "v": "2026-05-29T23:14:59Z"
                    },
                    {
                      "k": "updated_at",
                      "v": "2026-06-06T06:32:53Z"
                    },
                    {
                      "k": "pushed_at",
                      "v": "2026-06-06T06:32:49Z"
                    },
                    {
                      "k": "git_url",
                      "v": "git://github.com/jeanfelippe/pgats-ci.git"
                    },
                    {
                      "k": "ssh_url",
                      "v": "git@github.com:jeanfelippe/pgats-ci.git"
                    },
                    {
                      "k": "clone_url",
                      "v": "https://github.com/jeanfelippe/pgats-ci.git"
                    },
                    {
                      "k": "svn_url",
                      "v": "https://github.com/jeanfelippe/pgats-ci"
                    },
                    {
                      "k": "homepage",
                      "v": null
                    },
                    {
                      "k": "size",
                      "v": 6202.0
                    },
                    {
                      "k": "stargazers_count",
                      "v": 0.0
                    },
                    {
                      "k": "watchers_count",
                      "v": 0.0
                    },
                    {
                      "k": "language",
                      "v": "JavaScript"
                    },
                    {
                      "k": "has_issues",
                      "v": false
                    },
                    {
                      "k": "has_projects",
                      "v": true
                    },
                    {
                      "k": "has_downloads",
                      "v": true
                    },
                    {
                      "k": "has_wiki",
                      "v": true
                    },
                    {
                      "k": "has_pages",
                      "v": false
                    },
                    {
                      "k": "has_discussions",
                      "v": false
                    },
                    {
                      "k": "forks_count",
                      "v": 0.0
                    },
                    {
                      "k": "mirror_url",
                      "v": null
                    },
                    {
                      "k": "archived",
                      "v": false
                    },
                    {
                      "k": "disabled",
                      "v": false
                    },
                    {
                      "k": "open_issues_count",
                      "v": 0.0
                    },
                    {
                      "k": "license",
                      "v": null
                    },
                    {
                      "k": "allow_forking",
                      "v": true
                    },
                    {
                      "k": "is_template",
                      "v": false
                    },
                    {
                      "k": "web_commit_signoff_required",
                      "v": false
                    },
                    {
                      "k": "has_pull_requests",
                      "v": true
                    },
                    {
                      "k": "pull_request_creation_policy",
                      "v": "all"
                    },
                    {
                      "k": "topics",
                      "v": {
                        "t": 1
                      }
                    },
                    {
                      "k": "visibility",
                      "v": "public"
                    },
                    {
                      "k": "forks",
                      "v": 0.0
                    },
                    {
                      "k": "open_issues",
                      "v": 0.0
                    },
                    {
                      "k": "watchers",
                      "v": 0.0
                    },
                    {
                      "k": "default_branch",
                      "v": "master"
                    }
                  ]
                }
              },
              {
                "k": "sender",
                "v": {
                  "t": 2,
                  "d": [
                    {
                      "k": "login",
                      "v": "jeanfelippe"
                    },
                    {
                      "k": "id",
                      "v": 32116426.0
                    },
                    {
                      "k": "node_id",
                      "v": "MDQ6VXNlcjMyMTE2NDI2"
                    },
                    {
                      "k": "avatar_url",
                      "v": "https://avatars.githubusercontent.com/u/32116426?v=4"
                    },
                    {
                      "k": "gravatar_id",
                      "v": ""
                    },
                    {
                      "k": "url",
                      "v": "https://api.github.com/users/jeanfelippe"
                    },
                    {
                      "k": "html_url",
                      "v": "https://github.com/jeanfelippe"
                    },
                    {
                      "k": "followers_url",
                      "v": "https://api.github.com/users/jeanfelippe/followers"
                    },
                    {
                      "k": "following_url",
                      "v": "https://api.github.com/users/jeanfelippe/following{/other_user}"
                    },
                    {
                      "k": "gists_url",
                      "v": "https://api.github.com/users/jeanfelippe/gists{/gist_id}"
                    },
                    {
                      "k": "starred_url",
                      "v": "https://api.github.com/users/jeanfelippe/starred{/owner}{/repo}"
                    },
                    {
                      "k": "subscriptions_url",
                      "v": "https://api.github.com/users/jeanfelippe/subscriptions"
                    },
                    {
                      "k": "organizations_url",
                      "v": "https://api.github.com/users/jeanfelippe/orgs"
                    },
                    {
                      "k": "repos_url",
                      "v": "https://api.github.com/users/jeanfelippe/repos"
                    },
                    {
                      "k": "events_url",
                      "v": "https://api.github.com/users/jeanfelippe/events{/privacy}"
                    },
                    {
                      "k": "received_events_url",
                      "v": "https://api.github.com/users/jeanfelippe/received_events"
                    },
                    {
                      "k": "type",
                      "v": "User"
                    },
                    {
                      "k": "user_view_type",
                      "v": "public"
                    },
                    {
                      "k": "site_admin",
                      "v": false
                    }
                  ]
                }
              }
            ]
          }
        },
        {
          "k": "workflow_ref",
          "v": "jeanfelippe/pgats-ci/.github/workflows/01-manual-exec.yaml@refs/heads/master"
        },
        {
          "k": "workflow_sha",
          "v": "2823bde9aa4e9f8f34503386dad0799295fdeca8"
        },
        {
          "k": "repository_id",
          "v": "1253890398"
        },
        {
          "k": "triggering_actor",
          "v": "jeanfelippe"
        }
      ]
    },
    "inputs": {
      "t": 2
    },
    "job": {
      "t": 2,
      "d": [
        {
          "k": "check_run_id",
          "v": 79857985960.0
        },
        {
          "k": "workflow_ref",
          "v": "jeanfelippe/pgats-ci/.github/workflows/01-manual-exec.yaml@refs/heads/master"
        },
        {
          "k": "workflow_sha",
          "v": "2823bde9aa4e9f8f34503386dad0799295fdeca8"
        },
        {
          "k": "workflow_repository",
          "v": "jeanfelippe/pgats-ci"
        },
        {
          "k": "workflow_file_path",
          "v": ".github/workflows/01-manual-exec.yaml"
        }
      ]
    },
    "matrix": null,
    "needs": {
      "t": 2,
      "d": [
        {
          "k": "lint",
          "v": {
            "t": 2,
            "d": [
              {
                "k": "result",
                "v": "success"
              },
              {
                "k": "outputs",
                "v": {
                  "t": 2
                }
              }
            ]
          }
        }
      ]
    },
    "strategy": {
      "t": 2,
      "d": [
        {
          "k": "fail-fast",
          "v": true
        },
        {
          "k": "job-index",
          "v": 0.0
        },
        {
          "k": "job-total",
          "v": 1.0
        },
        {
          "k": "max-parallel",
          "v": 1.0
        }
      ]
    },
    "vars": {
      "t": 2
    }
  },
  "billingOwnerId": "U_kgDOAeoOyg"
}
[2026-06-06 06:35:11Z INFO JobRunner] Job ID 094cf1e8-73a5-575f-9cb0-1707aecea06f
[2026-06-06 06:35:11Z INFO ConfigurationStore] currentAssemblyLocation: C:\Users\Jean\AulaCI_POS\pgats-ci\actions-runner\bin\Runner.Worker.dll
[2026-06-06 06:35:11Z INFO HostContext] Well known directory 'Bin': 'C:\Users\Jean\AulaCI_POS\pgats-ci\actions-runner\bin'
[2026-06-06 06:35:11Z INFO ConfigurationStore] binPath: C:\Users\Jean\AulaCI_POS\pgats-ci\actions-runner\bin
[2026-06-06 06:35:11Z INFO HostContext] Well known directory 'Bin': 'C:\Users\Jean\AulaCI_POS\pgats-ci\actions-runner\bin'
[2026-06-06 06:35:11Z INFO HostContext] Well known directory 'Root': 'C:\Users\Jean\AulaCI_POS\pgats-ci\actions-runner'
[2026-06-06 06:35:11Z INFO ConfigurationStore] RootFolder: C:\Users\Jean\AulaCI_POS\pgats-ci\actions-runner
[2026-06-06 06:35:11Z INFO HostContext] Well known directory 'Bin': 'C:\Users\Jean\AulaCI_POS\pgats-ci\actions-runner\bin'
[2026-06-06 06:35:11Z INFO HostContext] Well known directory 'Root': 'C:\Users\Jean\AulaCI_POS\pgats-ci\actions-runner'
[2026-06-06 06:35:11Z INFO HostContext] Well known config file 'Runner': 'C:\Users\Jean\AulaCI_POS\pgats-ci\actions-runner\.runner'
[2026-06-06 06:35:11Z INFO ConfigurationStore] ConfigFilePath: C:\Users\Jean\AulaCI_POS\pgats-ci\actions-runner\.runner
[2026-06-06 06:35:11Z INFO HostContext] Well known directory 'Bin': 'C:\Users\Jean\AulaCI_POS\pgats-ci\actions-runner\bin'
[2026-06-06 06:35:11Z INFO HostContext] Well known directory 'Root': 'C:\Users\Jean\AulaCI_POS\pgats-ci\actions-runner'
[2026-06-06 06:35:11Z INFO HostContext] Well known config file 'MigratedRunner': 'C:\Users\Jean\AulaCI_POS\pgats-ci\actions-runner\.runner_migrated'
[2026-06-06 06:35:11Z INFO ConfigurationStore] MigratedConfigFilePath: C:\Users\Jean\AulaCI_POS\pgats-ci\actions-runner\.runner_migrated
[2026-06-06 06:35:11Z INFO HostContext] Well known directory 'Bin': 'C:\Users\Jean\AulaCI_POS\pgats-ci\actions-runner\bin'
[2026-06-06 06:35:11Z INFO HostContext] Well known directory 'Root': 'C:\Users\Jean\AulaCI_POS\pgats-ci\actions-runner'
[2026-06-06 06:35:11Z INFO HostContext] Well known config file 'Credentials': 'C:\Users\Jean\AulaCI_POS\pgats-ci\actions-runner\.credentials'
[2026-06-06 06:35:11Z INFO ConfigurationStore] CredFilePath: C:\Users\Jean\AulaCI_POS\pgats-ci\actions-runner\.credentials
[2026-06-06 06:35:11Z INFO HostContext] Well known directory 'Bin': 'C:\Users\Jean\AulaCI_POS\pgats-ci\actions-runner\bin'
[2026-06-06 06:35:11Z INFO HostContext] Well known directory 'Root': 'C:\Users\Jean\AulaCI_POS\pgats-ci\actions-runner'
[2026-06-06 06:35:11Z INFO HostContext] Well known config file 'MigratedCredentials': 'C:\Users\Jean\AulaCI_POS\pgats-ci\actions-runner\.credentials_migrated'
[2026-06-06 06:35:11Z INFO ConfigurationStore] MigratedCredFilePath: C:\Users\Jean\AulaCI_POS\pgats-ci\actions-runner\.credentials_migrated
[2026-06-06 06:35:11Z INFO HostContext] Well known directory 'Bin': 'C:\Users\Jean\AulaCI_POS\pgats-ci\actions-runner\bin'
[2026-06-06 06:35:11Z INFO HostContext] Well known directory 'Root': 'C:\Users\Jean\AulaCI_POS\pgats-ci\actions-runner'
[2026-06-06 06:35:11Z INFO HostContext] Well known config file 'Service': 'C:\Users\Jean\AulaCI_POS\pgats-ci\actions-runner\.service'
[2026-06-06 06:35:11Z INFO ConfigurationStore] ServiceConfigFilePath: C:\Users\Jean\AulaCI_POS\pgats-ci\actions-runner\.service
[2026-06-06 06:35:11Z INFO ConfigurationStore] Read setting file: 399 chars
[2026-06-06 06:35:11Z INFO JobRunner] Initializing launch client
[2026-06-06 06:35:11Z INFO JobServerQueue] Initializing results client
[2026-06-06 06:35:11Z INFO ResultServer] Creating websocket client ...wss://results-receiver.actions.githubusercontent.com/_ws/ingest.sock
[2026-06-06 06:35:11Z INFO ResultServer] Attempting to start websocket client with delay 00:00:00.
[2026-06-06 06:35:11Z INFO JobServerQueue] Start process web console line queue.
[2026-06-06 06:35:11Z INFO JobServerQueue] Start process file upload queue.
[2026-06-06 06:35:11Z INFO JobServerQueue] Start results file upload queue.
[2026-06-06 06:35:11Z INFO JobServerQueue] Starting results-based upload queue...
[2026-06-06 06:35:11Z INFO JobServerQueue] Start process timeline update queue.
[2026-06-06 06:35:11Z INFO ExecutionContext] Initializing Job context
[2026-06-06 06:35:11Z INFO ExecutionContext] Initialize GitHub context
[2026-06-06 06:35:11Z INFO ExecutionContext] Initialize Env context
[2026-06-06 06:35:11Z INFO HostContext] Well known directory 'Bin': 'C:\Users\Jean\AulaCI_POS\pgats-ci\actions-runner\bin'
[2026-06-06 06:35:11Z INFO HostContext] Well known directory 'Root': 'C:\Users\Jean\AulaCI_POS\pgats-ci\actions-runner'
[2026-06-06 06:35:11Z INFO HostContext] Well known directory 'Diag': 'C:\Users\Jean\AulaCI_POS\pgats-ci\actions-runner\_diag'
[2026-06-06 06:35:11Z INFO HostContext] Well known directory 'Bin': 'C:\Users\Jean\AulaCI_POS\pgats-ci\actions-runner\bin'
[2026-06-06 06:35:11Z INFO HostContext] Well known directory 'Root': 'C:\Users\Jean\AulaCI_POS\pgats-ci\actions-runner'
[2026-06-06 06:35:11Z INFO HostContext] Well known directory 'Diag': 'C:\Users\Jean\AulaCI_POS\pgats-ci\actions-runner\_diag'
[2026-06-06 06:35:11Z INFO JobRunner] Starting the job execution context.
[2026-06-06 06:35:11Z INFO HostContext] Well known directory 'Bin': 'C:\Users\Jean\AulaCI_POS\pgats-ci\actions-runner\bin'
[2026-06-06 06:35:11Z INFO HostContext] Well known directory 'Root': 'C:\Users\Jean\AulaCI_POS\pgats-ci\actions-runner'
[2026-06-06 06:35:11Z INFO HostContext] Well known directory 'Work': 'C:\Users\Jean\AulaCI_POS\pgats-ci\actions-runner\_work'
[2026-06-06 06:35:11Z INFO JobRunner] Validating directory permissions for: 'C:\Users\Jean\AulaCI_POS\pgats-ci\actions-runner\_work'
[2026-06-06 06:35:11Z INFO HostContext] Well known directory 'Bin': 'C:\Users\Jean\AulaCI_POS\pgats-ci\actions-runner\bin'
[2026-06-06 06:35:11Z INFO HostContext] Well known directory 'Root': 'C:\Users\Jean\AulaCI_POS\pgats-ci\actions-runner'
[2026-06-06 06:35:11Z INFO HostContext] Well known directory 'Work': 'C:\Users\Jean\AulaCI_POS\pgats-ci\actions-runner\_work'
[2026-06-06 06:35:11Z INFO HostContext] Well known directory 'Tools': 'C:\Users\Jean\AulaCI_POS\pgats-ci\actions-runner\_work\_tool'
[2026-06-06 06:35:11Z INFO HostContext] Well known directory 'Bin': 'C:\Users\Jean\AulaCI_POS\pgats-ci\actions-runner\bin'
[2026-06-06 06:35:11Z INFO HostContext] Well known directory 'Root': 'C:\Users\Jean\AulaCI_POS\pgats-ci\actions-runner'
[2026-06-06 06:35:11Z INFO HostContext] Well known directory 'Work': 'C:\Users\Jean\AulaCI_POS\pgats-ci\actions-runner\_work'
[2026-06-06 06:35:11Z INFO HostContext] Well known directory 'Temp': 'C:\Users\Jean\AulaCI_POS\pgats-ci\actions-runner\_work\_temp'
[2026-06-06 06:35:11Z INFO JobRunner] Getting job extension.
[2026-06-06 06:35:11Z INFO JobRunner] Initialize job. Getting all job steps.
[2026-06-06 06:35:11Z INFO HostContext] Well known directory 'Bin': 'C:\Users\Jean\AulaCI_POS\pgats-ci\actions-runner\bin'
[2026-06-06 06:35:11Z INFO HostContext] Well known directory 'Root': 'C:\Users\Jean\AulaCI_POS\pgats-ci\actions-runner'
[2026-06-06 06:35:11Z INFO HostContext] Well known directory 'Diag': 'C:\Users\Jean\AulaCI_POS\pgats-ci\actions-runner\_diag'
[2026-06-06 06:35:11Z INFO HostContext] Well known directory 'Bin': 'C:\Users\Jean\AulaCI_POS\pgats-ci\actions-runner\bin'
[2026-06-06 06:35:11Z INFO HostContext] Well known directory 'Root': 'C:\Users\Jean\AulaCI_POS\pgats-ci\actions-runner'
[2026-06-06 06:35:11Z INFO HostContext] Well known directory 'Diag': 'C:\Users\Jean\AulaCI_POS\pgats-ci\actions-runner\_diag'
[2026-06-06 06:35:11Z INFO HostContext] Well known directory 'Bin': 'C:\Users\Jean\AulaCI_POS\pgats-ci\actions-runner\bin'
[2026-06-06 06:35:11Z INFO HostContext] Well known directory 'Root': 'C:\Users\Jean\AulaCI_POS\pgats-ci\actions-runner'
[2026-06-06 06:35:11Z INFO HostContext] Well known config file 'Credentials': 'C:\Users\Jean\AulaCI_POS\pgats-ci\actions-runner\.credentials'
[2026-06-06 06:35:11Z INFO HostContext] Well known directory 'Bin': 'C:\Users\Jean\AulaCI_POS\pgats-ci\actions-runner\bin'
[2026-06-06 06:35:11Z INFO HostContext] Well known directory 'Root': 'C:\Users\Jean\AulaCI_POS\pgats-ci\actions-runner'
[2026-06-06 06:35:11Z INFO HostContext] Well known config file 'SetupInfo': 'C:\Users\Jean\AulaCI_POS\pgats-ci\actions-runner\.setup_info'
[2026-06-06 06:35:11Z INFO HostContext] Well known directory 'Bin': 'C:\Users\Jean\AulaCI_POS\pgats-ci\actions-runner\bin'
[2026-06-06 06:35:11Z INFO HostContext] Well known directory 'Root': 'C:\Users\Jean\AulaCI_POS\pgats-ci\actions-runner'
[2026-06-06 06:35:11Z INFO HostContext] Well known directory 'Work': 'C:\Users\Jean\AulaCI_POS\pgats-ci\actions-runner\_work'
[2026-06-06 06:35:11Z INFO PipelineDirectoryManager] Loading tracking config if exists: C:\Users\Jean\AulaCI_POS\pgats-ci\actions-runner\_work\_PipelineMapping\jeanfelippe/pgats-ci\PipelineFolder.json
[2026-06-06 06:35:11Z INFO PipelineDirectoryManager] Creating a new tracking config file.
[2026-06-06 06:35:11Z INFO HostContext] Well known directory 'Bin': 'C:\Users\Jean\AulaCI_POS\pgats-ci\actions-runner\bin'
[2026-06-06 06:35:11Z INFO HostContext] Well known directory 'Root': 'C:\Users\Jean\AulaCI_POS\pgats-ci\actions-runner'
[2026-06-06 06:35:11Z INFO HostContext] Well known directory 'Work': 'C:\Users\Jean\AulaCI_POS\pgats-ci\actions-runner\_work'
[2026-06-06 06:35:11Z INFO PipelineDirectoryManager] Creating pipeline directory.
[2026-06-06 06:35:11Z INFO HostContext] Well known directory 'Bin': 'C:\Users\Jean\AulaCI_POS\pgats-ci\actions-runner\bin'
[2026-06-06 06:35:11Z INFO HostContext] Well known directory 'Root': 'C:\Users\Jean\AulaCI_POS\pgats-ci\actions-runner'
[2026-06-06 06:35:11Z INFO HostContext] Well known directory 'Work': 'C:\Users\Jean\AulaCI_POS\pgats-ci\actions-runner\_work'
[2026-06-06 06:35:11Z INFO PipelineDirectoryManager] Creating workspace directory.
[2026-06-06 06:35:11Z INFO HostContext] Well known directory 'Bin': 'C:\Users\Jean\AulaCI_POS\pgats-ci\actions-runner\bin'
[2026-06-06 06:35:11Z INFO HostContext] Well known directory 'Root': 'C:\Users\Jean\AulaCI_POS\pgats-ci\actions-runner'
[2026-06-06 06:35:11Z INFO HostContext] Well known directory 'Work': 'C:\Users\Jean\AulaCI_POS\pgats-ci\actions-runner\_work'
[2026-06-06 06:35:11Z INFO JobExtension] Downloading actions
[2026-06-06 06:35:11Z INFO HostContext] Well known directory 'Bin': 'C:\Users\Jean\AulaCI_POS\pgats-ci\actions-runner\bin'
[2026-06-06 06:35:11Z INFO HostContext] Well known directory 'Root': 'C:\Users\Jean\AulaCI_POS\pgats-ci\actions-runner'
[2026-06-06 06:35:11Z INFO HostContext] Well known directory 'Work': 'C:\Users\Jean\AulaCI_POS\pgats-ci\actions-runner\_work'
[2026-06-06 06:35:11Z INFO HostContext] Well known directory 'Actions': 'C:\Users\Jean\AulaCI_POS\pgats-ci\actions-runner\_work\_actions'
[2026-06-06 06:35:11Z INFO Worker] Listening for cancel message from the channel.
[2026-06-06 06:35:11Z INFO Worker] Waiting for the job to complete or for a cancel message from the channel.
[2026-06-06 06:35:12Z INFO ResultServer] Successfully started websocket client.
[2026-06-06 06:35:12Z INFO JobServerQueue] Try to append 1 batches web console lines for record '37dbf511-210b-47f7-8dcd-b07cffd7f674', success rate: 1/1.
[2026-06-06 06:35:12Z INFO HostContext] Well known directory 'Bin': 'C:\Users\Jean\AulaCI_POS\pgats-ci\actions-runner\bin'
[2026-06-06 06:35:12Z INFO HostContext] Well known directory 'Root': 'C:\Users\Jean\AulaCI_POS\pgats-ci\actions-runner'
[2026-06-06 06:35:12Z INFO HostContext] Well known directory 'Work': 'C:\Users\Jean\AulaCI_POS\pgats-ci\actions-runner\_work'
[2026-06-06 06:35:12Z INFO HostContext] Well known directory 'Actions': 'C:\Users\Jean\AulaCI_POS\pgats-ci\actions-runner\_work\_actions'
[2026-06-06 06:35:12Z INFO HostContext] Well known directory 'Bin': 'C:\Users\Jean\AulaCI_POS\pgats-ci\actions-runner\bin'
[2026-06-06 06:35:12Z INFO HostContext] Well known directory 'Root': 'C:\Users\Jean\AulaCI_POS\pgats-ci\actions-runner'
[2026-06-06 06:35:12Z INFO HostContext] Well known directory 'Work': 'C:\Users\Jean\AulaCI_POS\pgats-ci\actions-runner\_work'
[2026-06-06 06:35:12Z INFO HostContext] Well known directory 'Actions': 'C:\Users\Jean\AulaCI_POS\pgats-ci\actions-runner\_work\_actions'
[2026-06-06 06:35:12Z INFO ActionManager] Save archive 'https://codeload.github.com/actions/checkout/zip/34e114876b0b11c390a56381ad16ebd13914f8d5' into C:\Users\Jean\AulaCI_POS\pgats-ci\actions-runner\_work\_actions\_temp_7f4975c3-4c82-4b7f-9fe3-e89988076486\2c476c47-c4fc-44a8-ac26-069ef24059d4.zip.
[2026-06-06 06:35:12Z INFO ActionManager] Using Basic token for action archive download.
[2026-06-06 06:35:12Z INFO JobServerQueue] Job timeline record has been updated for the first time.
[2026-06-06 06:35:12Z INFO JobServerQueue] Try to append 1 batches web console lines for record '37dbf511-210b-47f7-8dcd-b07cffd7f674', success rate: 1/1.
[2026-06-06 06:35:13Z INFO ActionManager] Request URL: https://codeload.github.com/actions/checkout/zip/34e114876b0b11c390a56381ad16ebd13914f8d5 X-GitHub-Request-Id: 3716:1FF8F2:2A96F:941DF:6A23BFA1 Http Status: OK
[2026-06-06 06:35:13Z INFO ActionManager] Finished getting action repository.
[2026-06-06 06:35:13Z INFO HostContext] Well known directory 'Bin': 'C:\Users\Jean\AulaCI_POS\pgats-ci\actions-runner\bin'
[2026-06-06 06:35:13Z INFO HostContext] Well known directory 'Root': 'C:\Users\Jean\AulaCI_POS\pgats-ci\actions-runner'
[2026-06-06 06:35:13Z INFO HostContext] Well known directory 'Work': 'C:\Users\Jean\AulaCI_POS\pgats-ci\actions-runner\_work'
[2026-06-06 06:35:13Z INFO HostContext] Well known directory 'Actions': 'C:\Users\Jean\AulaCI_POS\pgats-ci\actions-runner\_work\_actions'
[2026-06-06 06:35:13Z INFO HostContext] Well known directory 'Bin': 'C:\Users\Jean\AulaCI_POS\pgats-ci\actions-runner\bin'
[2026-06-06 06:35:13Z INFO HostContext] Well known directory 'Root': 'C:\Users\Jean\AulaCI_POS\pgats-ci\actions-runner'
[2026-06-06 06:35:13Z INFO HostContext] Well known directory 'Work': 'C:\Users\Jean\AulaCI_POS\pgats-ci\actions-runner\_work'
[2026-06-06 06:35:13Z INFO HostContext] Well known directory 'Actions': 'C:\Users\Jean\AulaCI_POS\pgats-ci\actions-runner\_work\_actions'
[2026-06-06 06:35:13Z INFO ActionManager] Save archive 'https://codeload.github.com/actions/setup-node/zip/49933ea5288caeca8642d1e84afbd3f7d6820020' into C:\Users\Jean\AulaCI_POS\pgats-ci\actions-runner\_work\_actions\_temp_cc648945-4418-4bda-98d6-33a24af95d6b\16ceb342-5509-4fe7-9123-8f19622c88bc.zip.
[2026-06-06 06:35:13Z INFO ActionManager] Using Basic token for action archive download.
[2026-06-06 06:35:13Z INFO JobServerQueue] Try to append 1 batches web console lines for record '37dbf511-210b-47f7-8dcd-b07cffd7f674', success rate: 1/1.
[2026-06-06 06:35:14Z INFO ActionManager] Request URL: https://codeload.github.com/actions/setup-node/zip/49933ea5288caeca8642d1e84afbd3f7d6820020 X-GitHub-Request-Id: 3717:A2CAB:2B2BE:94A41:6A23BFA2 Http Status: OK
[2026-06-06 06:35:14Z INFO ActionManager] Finished getting action repository.
[2026-06-06 06:35:15Z INFO HostContext] Well known directory 'Bin': 'C:\Users\Jean\AulaCI_POS\pgats-ci\actions-runner\bin'
[2026-06-06 06:35:15Z INFO HostContext] Well known directory 'Root': 'C:\Users\Jean\AulaCI_POS\pgats-ci\actions-runner'
[2026-06-06 06:35:15Z INFO HostContext] Well known directory 'Work': 'C:\Users\Jean\AulaCI_POS\pgats-ci\actions-runner\_work'
[2026-06-06 06:35:15Z INFO HostContext] Well known directory 'Actions': 'C:\Users\Jean\AulaCI_POS\pgats-ci\actions-runner\_work\_actions'
[2026-06-06 06:35:15Z INFO ActionManifestManagerLegacy] Load schema file with definitions: [
  "null",
  "boolean",
  "number",
  "string",
  "sequence",
  "mapping",
  "any",
  "action-root",
  "inputs",
  "input",
  "outputs",
  "output-definition",
  "runs",
  "container-runs",
  "container-runs-args",
  "container-runs-env",
  "node-runs",
  "plugin-runs",
  "composite-runs",
  "composite-steps",
  "composite-step",
  "run-step",
  "uses-step",
  "container-runs-context",
  "output-value",
  "input-default-context",
  "non-empty-string",
  "string-steps-context",
  "boolean-steps-context",
  "step-env",
  "step-if",
  "step-with"
]
[2026-06-06 06:35:15Z INFO ActionManifestManager] Load schema file with definitions: [
  "null",
  "boolean",
  "number",
  "string",
  "sequence",
  "mapping",
  "any",
  "action-root",
  "inputs",
  "input",
  "outputs",
  "output-definition",
  "runs",
  "container-runs",
  "container-runs-args",
  "container-runs-env",
  "node-runs",
  "plugin-runs",
  "composite-runs",
  "composite-steps",
  "composite-step",
  "run-step",
  "uses-step",
  "container-runs-context",
  "output-value",
  "input-default-context",
  "non-empty-string",
  "string-steps-context",
  "boolean-steps-context",
  "step-env",
  "step-if",
  "step-with"
]
[2026-06-06 06:35:15Z INFO HostContext] Well known directory 'Bin': 'C:\Users\Jean\AulaCI_POS\pgats-ci\actions-runner\bin'
[2026-06-06 06:35:15Z INFO HostContext] Well known directory 'Root': 'C:\Users\Jean\AulaCI_POS\pgats-ci\actions-runner'
[2026-06-06 06:35:15Z INFO HostContext] Well known directory 'Work': 'C:\Users\Jean\AulaCI_POS\pgats-ci\actions-runner\_work'
[2026-06-06 06:35:15Z INFO HostContext] Well known directory 'Actions': 'C:\Users\Jean\AulaCI_POS\pgats-ci\actions-runner\_work\_actions'
[2026-06-06 06:35:15Z INFO ActionManifestManagerLegacy] Loaded action.yml file: {
  "name": "Checkout",
  "description": "Checkout a Git repository at a particular version",
  "inputs": {
    "type": 2,
    "map": [
      {
        "key": {
          "type": 0,
          "file": 2,
          "line": 4,
          "col": 3,
          "lit": "repository"
        },
        "value": {
          "type": 3,
          "file": 2,
          "line": 6,
          "col": 14,
          "expr": "github.repository"
        }
      },
      {
        "key": {
          "type": 0,
          "file": 2,
          "line": 7,
          "col": 3,
          "lit": "ref"
        },
        "value": ""
      },
      {
        "key": {
          "type": 0,
          "file": 2,
          "line": 12,
          "col": 3,
          "lit": "token"
        },
        "value": {
          "type": 3,
          "file": 2,
          "line": 24,
          "col": 14,
          "expr": "github.token"
        }
      },
      {
        "key": {
          "type": 0,
          "file": 2,
          "line": 25,
          "col": 3,
          "lit": "ssh-key"
        },
        "value": ""
      },
      {
        "key": {
          "type": 0,
          "file": 2,
          "line": 37,
          "col": 3,
          "lit": "ssh-known-hosts"
        },
        "value": ""
      },
      {
        "key": {
          "type": 0,
          "file": 2,
          "line": 42,
          "col": 3,
          "lit": "ssh-strict"
        },
        "value": {
          "type": 0,
          "file": 2,
          "line": 47,
          "col": 14,
          "lit": "true"
        }
      },
      {
        "key": {
          "type": 0,
          "file": 2,
          "line": 48,
          "col": 3,
          "lit": "ssh-user"
        },
        "value": {
          "type": 0,
          "file": 2,
          "line": 51,
          "col": 14,
          "lit": "git"
        }
      },
      {
        "key": {
          "type": 0,
          "file": 2,
          "line": 52,
          "col": 3,
          "lit": "persist-credentials"
        },
        "value": {
          "type": 0,
          "file": 2,
          "line": 54,
          "col": 14,
          "lit": "true"
        }
      },
      {
        "key": {
          "type": 0,
          "file": 2,
          "line": 55,
          "col": 3,
          "lit": "path"
        },
        "value": ""
      },
      {
        "key": {
          "type": 0,
          "file": 2,
          "line": 57,
          "col": 3,
          "lit": "clean"
        },
        "value": {
          "type": 0,
          "file": 2,
          "line": 59,
          "col": 14,
          "lit": "true"
        }
      },
      {
        "key": {
          "type": 0,
          "file": 2,
          "line": 60,
          "col": 3,
          "lit": "filter"
        },
        "value": {
          "type": 0,
          "file": 2,
          "line": 64,
          "col": 14,
          "lit": ""
        }
      },
      {
        "key": {
          "type": 0,
          "file": 2,
          "line": 65,
          "col": 3,
          "lit": "sparse-checkout"
        },
        "value": {
          "type": 0,
          "file": 2,
          "line": 69,
          "col": 14,
          "lit": ""
        }
      },
      {
        "key": {
          "type": 0,
          "file": 2,
          "line": 70,
          "col": 3,
          "lit": "sparse-checkout-cone-mode"
        },
        "value": {
          "type": 0,
          "file": 2,
          "line": 73,
          "col": 14,
          "lit": "true"
        }
      },
      {
        "key": {
          "type": 0,
          "file": 2,
          "line": 74,
          "col": 3,
          "lit": "fetch-depth"
        },
        "value": {
          "type": 0,
          "file": 2,
          "line": 76,
          "col": 14,
          "lit": "1"
        }
      },
      {
        "key": {
          "type": 0,
          "file": 2,
          "line": 77,
          "col": 3,
          "lit": "fetch-tags"
        },
        "value": {
          "type": 0,
          "file": 2,
          "line": 79,
          "col": 14,
          "lit": "false"
        }
      },
      {
        "key": {
          "type": 0,
          "file": 2,
          "line": 80,
          "col": 3,
          "lit": "show-progress"
        },
        "value": {
          "type": 0,
          "file": 2,
          "line": 82,
          "col": 14,
          "lit": "true"
        }
      },
      {
        "key": {
          "type": 0,
          "file": 2,
          "line": 83,
          "col": 3,
          "lit": "lfs"
        },
        "value": {
          "type": 0,
          "file": 2,
          "line": 85,
          "col": 14,
          "lit": "false"
        }
      },
      {
        "key": {
          "type": 0,
          "file": 2,
          "line": 86,
          "col": 3,
          "lit": "submodules"
        },
        "value": {
          "type": 0,
          "file": 2,
          "line": 94,
          "col": 14,
          "lit": "false"
        }
      },
      {
        "key": {
          "type": 0,
          "file": 2,
          "line": 95,
          "col": 3,
          "lit": "set-safe-directory"
        },
        "value": {
          "type": 0,
          "file": 2,
          "line": 97,
          "col": 14,
          "lit": "true"
        }
      },
      {
        "key": {
          "type": 0,
          "file": 2,
          "line": 98,
          "col": 3,
          "lit": "github-server-url"
        },
        "value": ""
      }
    ]
  },
  "execution": {
    "executionType": "nodeJS",
    "hasPre": false,
    "hasPost": true,
    "script": "dist/index.js",
    "pre": null,
    "post": "dist/index.js",
    "nodeVersion": "node20",
    "cleanupCondition": "always()",
    "initCondition": "always()"
  },
  "deprecated": null
}
[2026-06-06 06:35:15Z INFO ActionManager] Action node.js file: dist/index.js, no more preparation.
[2026-06-06 06:35:15Z INFO HostContext] Well known directory 'Bin': 'C:\Users\Jean\AulaCI_POS\pgats-ci\actions-runner\bin'
[2026-06-06 06:35:15Z INFO HostContext] Well known directory 'Root': 'C:\Users\Jean\AulaCI_POS\pgats-ci\actions-runner'
[2026-06-06 06:35:15Z INFO HostContext] Well known directory 'Work': 'C:\Users\Jean\AulaCI_POS\pgats-ci\actions-runner\_work'
[2026-06-06 06:35:15Z INFO HostContext] Well known directory 'Actions': 'C:\Users\Jean\AulaCI_POS\pgats-ci\actions-runner\_work\_actions'
[2026-06-06 06:35:15Z INFO ActionManager] Load action that reference repository from 'C:\Users\Jean\AulaCI_POS\pgats-ci\actions-runner\_work\_actions\actions\checkout\v4'
[2026-06-06 06:35:15Z INFO HostContext] Well known directory 'Bin': 'C:\Users\Jean\AulaCI_POS\pgats-ci\actions-runner\bin'
[2026-06-06 06:35:15Z INFO HostContext] Well known directory 'Root': 'C:\Users\Jean\AulaCI_POS\pgats-ci\actions-runner'
[2026-06-06 06:35:15Z INFO HostContext] Well known directory 'Work': 'C:\Users\Jean\AulaCI_POS\pgats-ci\actions-runner\_work'
[2026-06-06 06:35:15Z INFO HostContext] Well known directory 'Actions': 'C:\Users\Jean\AulaCI_POS\pgats-ci\actions-runner\_work\_actions'
[2026-06-06 06:35:15Z INFO ActionManifestManagerLegacy] Loaded action.yml file: {
  "name": "Checkout",
  "description": "Checkout a Git repository at a particular version",
  "inputs": {
    "type": 2,
    "map": [
      {
        "key": {
          "type": 0,
          "file": 2,
          "line": 4,
          "col": 3,
          "lit": "repository"
        },
        "value": {
          "type": 3,
          "file": 2,
          "line": 6,
          "col": 14,
          "expr": "github.repository"
        }
      },
      {
        "key": {
          "type": 0,
          "file": 2,
          "line": 7,
          "col": 3,
          "lit": "ref"
        },
        "value": ""
      },
      {
        "key": {
          "type": 0,
          "file": 2,
          "line": 12,
          "col": 3,
          "lit": "token"
        },
        "value": {
          "type": 3,
          "file": 2,
          "line": 24,
          "col": 14,
          "expr": "github.token"
        }
      },
      {
        "key": {
          "type": 0,
          "file": 2,
          "line": 25,
          "col": 3,
          "lit": "ssh-key"
        },
        "value": ""
      },
      {
        "key": {
          "type": 0,
          "file": 2,
          "line": 37,
          "col": 3,
          "lit": "ssh-known-hosts"
        },
        "value": ""
      },
      {
        "key": {
          "type": 0,
          "file": 2,
          "line": 42,
          "col": 3,
          "lit": "ssh-strict"
        },
        "value": {
          "type": 0,
          "file": 2,
          "line": 47,
          "col": 14,
          "lit": "true"
        }
      },
      {
        "key": {
          "type": 0,
          "file": 2,
          "line": 48,
          "col": 3,
          "lit": "ssh-user"
        },
        "value": {
          "type": 0,
          "file": 2,
          "line": 51,
          "col": 14,
          "lit": "git"
        }
      },
      {
        "key": {
          "type": 0,
          "file": 2,
          "line": 52,
          "col": 3,
          "lit": "persist-credentials"
        },
        "value": {
          "type": 0,
          "file": 2,
          "line": 54,
          "col": 14,
          "lit": "true"
        }
      },
      {
        "key": {
          "type": 0,
          "file": 2,
          "line": 55,
          "col": 3,
          "lit": "path"
        },
        "value": ""
      },
      {
        "key": {
          "type": 0,
          "file": 2,
          "line": 57,
          "col": 3,
          "lit": "clean"
        },
        "value": {
          "type": 0,
          "file": 2,
          "line": 59,
          "col": 14,
          "lit": "true"
        }
      },
      {
        "key": {
          "type": 0,
          "file": 2,
          "line": 60,
          "col": 3,
          "lit": "filter"
        },
        "value": {
          "type": 0,
          "file": 2,
          "line": 64,
          "col": 14,
          "lit": ""
        }
      },
      {
        "key": {
          "type": 0,
          "file": 2,
          "line": 65,
          "col": 3,
          "lit": "sparse-checkout"
        },
        "value": {
          "type": 0,
          "file": 2,
          "line": 69,
          "col": 14,
          "lit": ""
        }
      },
      {
        "key": {
          "type": 0,
          "file": 2,
          "line": 70,
          "col": 3,
          "lit": "sparse-checkout-cone-mode"
        },
        "value": {
          "type": 0,
          "file": 2,
          "line": 73,
          "col": 14,
          "lit": "true"
        }
      },
      {
        "key": {
          "type": 0,
          "file": 2,
          "line": 74,
          "col": 3,
          "lit": "fetch-depth"
        },
        "value": {
          "type": 0,
          "file": 2,
          "line": 76,
          "col": 14,
          "lit": "1"
        }
      },
      {
        "key": {
          "type": 0,
          "file": 2,
          "line": 77,
          "col": 3,
          "lit": "fetch-tags"
        },
        "value": {
          "type": 0,
          "file": 2,
          "line": 79,
          "col": 14,
          "lit": "false"
        }
      },
      {
        "key": {
          "type": 0,
          "file": 2,
          "line": 80,
          "col": 3,
          "lit": "show-progress"
        },
        "value": {
          "type": 0,
          "file": 2,
          "line": 82,
          "col": 14,
          "lit": "true"
        }
      },
      {
        "key": {
          "type": 0,
          "file": 2,
          "line": 83,
          "col": 3,
          "lit": "lfs"
        },
        "value": {
          "type": 0,
          "file": 2,
          "line": 85,
          "col": 14,
          "lit": "false"
        }
      },
      {
        "key": {
          "type": 0,
          "file": 2,
          "line": 86,
          "col": 3,
          "lit": "submodules"
        },
        "value": {
          "type": 0,
          "file": 2,
          "line": 94,
          "col": 14,
          "lit": "false"
        }
      },
      {
        "key": {
          "type": 0,
          "file": 2,
          "line": 95,
          "col": 3,
          "lit": "set-safe-directory"
        },
        "value": {
          "type": 0,
          "file": 2,
          "line": 97,
          "col": 14,
          "lit": "true"
        }
      },
      {
        "key": {
          "type": 0,
          "file": 2,
          "line": 98,
          "col": 3,
          "lit": "github-server-url"
        },
        "value": ""
      }
    ]
  },
  "execution": {
    "executionType": "nodeJS",
    "hasPre": false,
    "hasPost": true,
    "script": "dist/index.js",
    "pre": null,
    "post": "dist/index.js",
    "nodeVersion": "node20",
    "cleanupCondition": "always()",
    "initCondition": "always()"
  },
  "deprecated": null
}
[2026-06-06 06:35:15Z INFO ActionManager] Action pre node.js file: N/A.
[2026-06-06 06:35:15Z INFO ActionManager] Action node.js file: dist/index.js.
[2026-06-06 06:35:15Z INFO ActionManager] Action post node.js file: dist/index.js.
[2026-06-06 06:35:15Z INFO HostContext] Well known directory 'Bin': 'C:\Users\Jean\AulaCI_POS\pgats-ci\actions-runner\bin'
[2026-06-06 06:35:15Z INFO HostContext] Well known directory 'Root': 'C:\Users\Jean\AulaCI_POS\pgats-ci\actions-runner'
[2026-06-06 06:35:15Z INFO HostContext] Well known directory 'Work': 'C:\Users\Jean\AulaCI_POS\pgats-ci\actions-runner\_work'
[2026-06-06 06:35:15Z INFO HostContext] Well known directory 'Actions': 'C:\Users\Jean\AulaCI_POS\pgats-ci\actions-runner\_work\_actions'
[2026-06-06 06:35:15Z INFO HostContext] Well known directory 'Bin': 'C:\Users\Jean\AulaCI_POS\pgats-ci\actions-runner\bin'
[2026-06-06 06:35:15Z INFO HostContext] Well known directory 'Root': 'C:\Users\Jean\AulaCI_POS\pgats-ci\actions-runner'
[2026-06-06 06:35:15Z INFO HostContext] Well known directory 'Work': 'C:\Users\Jean\AulaCI_POS\pgats-ci\actions-runner\_work'
[2026-06-06 06:35:15Z INFO HostContext] Well known directory 'Actions': 'C:\Users\Jean\AulaCI_POS\pgats-ci\actions-runner\_work\_actions'
[2026-06-06 06:35:15Z INFO ActionManifestManagerLegacy] Ignore action property author.
[2026-06-06 06:35:15Z INFO ActionManifestManagerLegacy] Loaded action.yml file: {
  "name": "Setup Node.js environment",
  "description": "Setup a Node.js environment by adding problem matchers and optionally downloading and adding it to the PATH.",
  "inputs": {
    "type": 2,
    "map": [
      {
        "key": {
          "type": 0,
          "file": 3,
          "line": 5,
          "col": 3,
          "lit": "always-auth"
        },
        "value": {
          "type": 0,
          "file": 3,
          "line": 7,
          "col": 14,
          "lit": "false"
        }
      },
      {
        "key": {
          "type": 0,
          "file": 3,
          "line": 8,
          "col": 3,
          "lit": "node-version"
        },
        "value": ""
      },
      {
        "key": {
          "type": 0,
          "file": 3,
          "line": 10,
          "col": 3,
          "lit": "node-version-file"
        },
        "value": ""
      },
      {
        "key": {
          "type": 0,
          "file": 3,
          "line": 12,
          "col": 3,
          "lit": "architecture"
        },
        "value": ""
      },
      {
        "key": {
          "type": 0,
          "file": 3,
          "line": 14,
          "col": 3,
          "lit": "check-latest"
        },
        "value": {
          "type": 0,
          "file": 3,
          "line": 16,
          "col": 14,
          "lit": "false"
        }
      },
      {
        "key": {
          "type": 0,
          "file": 3,
          "line": 17,
          "col": 3,
          "lit": "registry-url"
        },
        "value": ""
      },
      {
        "key": {
          "type": 0,
          "file": 3,
          "line": 19,
          "col": 3,
          "lit": "scope"
        },
        "value": ""
      },
      {
        "key": {
          "type": 0,
          "file": 3,
          "line": 21,
          "col": 3,
          "lit": "token"
        },
        "value": {
          "type": 3,
          "file": 3,
          "line": 23,
          "col": 14,
          "expr": "github.server_url == 'https://github.com' && github.token || ''"
        }
      },
      {
        "key": {
          "type": 0,
          "file": 3,
          "line": 24,
          "col": 3,
          "lit": "cache"
        },
        "value": ""
      },
      {
        "key": {
          "type": 0,
          "file": 3,
          "line": 26,
          "col": 3,
          "lit": "cache-dependency-path"
        },
        "value": ""
      },
      {
        "key": {
          "type": 0,
          "file": 3,
          "line": 28,
          "col": 3,
          "lit": "mirror"
        },
        "value": ""
      },
      {
        "key": {
          "type": 0,
          "file": 3,
          "line": 30,
          "col": 3,
          "lit": "mirror-token"
        },
        "value": ""
      }
    ]
  },
  "execution": {
    "executionType": "nodeJS",
    "hasPre": false,
    "hasPost": true,
    "script": "dist/setup/index.js",
    "pre": null,
    "post": "dist/cache-save/index.js",
    "nodeVersion": "node20",
    "cleanupCondition": "success()",
    "initCondition": "always()"
  },
  "deprecated": null
}
[2026-06-06 06:35:15Z INFO ActionManager] Action node.js file: dist/setup/index.js, no more preparation.
[2026-06-06 06:35:15Z INFO HostContext] Well known directory 'Bin': 'C:\Users\Jean\AulaCI_POS\pgats-ci\actions-runner\bin'
[2026-06-06 06:35:15Z INFO HostContext] Well known directory 'Root': 'C:\Users\Jean\AulaCI_POS\pgats-ci\actions-runner'
[2026-06-06 06:35:15Z INFO HostContext] Well known directory 'Work': 'C:\Users\Jean\AulaCI_POS\pgats-ci\actions-runner\_work'
[2026-06-06 06:35:15Z INFO HostContext] Well known directory 'Actions': 'C:\Users\Jean\AulaCI_POS\pgats-ci\actions-runner\_work\_actions'
[2026-06-06 06:35:15Z INFO ActionManager] Load action that reference repository from 'C:\Users\Jean\AulaCI_POS\pgats-ci\actions-runner\_work\_actions\actions\setup-node\v4'
[2026-06-06 06:35:15Z INFO HostContext] Well known directory 'Bin': 'C:\Users\Jean\AulaCI_POS\pgats-ci\actions-runner\bin'
[2026-06-06 06:35:15Z INFO HostContext] Well known directory 'Root': 'C:\Users\Jean\AulaCI_POS\pgats-ci\actions-runner'
[2026-06-06 06:35:15Z INFO HostContext] Well known directory 'Work': 'C:\Users\Jean\AulaCI_POS\pgats-ci\actions-runner\_work'
[2026-06-06 06:35:15Z INFO HostContext] Well known directory 'Actions': 'C:\Users\Jean\AulaCI_POS\pgats-ci\actions-runner\_work\_actions'
[2026-06-06 06:35:15Z INFO ActionManifestManagerLegacy] Ignore action property author.
[2026-06-06 06:35:15Z INFO ActionManifestManagerLegacy] Loaded action.yml file: {
  "name": "Setup Node.js environment",
  "description": "Setup a Node.js environment by adding problem matchers and optionally downloading and adding it to the PATH.",
  "inputs": {
    "type": 2,
    "map": [
      {
        "key": {
          "type": 0,
          "file": 3,
          "line": 5,
          "col": 3,
          "lit": "always-auth"
        },
        "value": {
          "type": 0,
          "file": 3,
          "line": 7,
          "col": 14,
          "lit": "false"
        }
      },
      {
        "key": {
          "type": 0,
          "file": 3,
          "line": 8,
          "col": 3,
          "lit": "node-version"
        },
        "value": ""
      },
      {
        "key": {
          "type": 0,
          "file": 3,
          "line": 10,
          "col": 3,
          "lit": "node-version-file"
        },
        "value": ""
      },
      {
        "key": {
          "type": 0,
          "file": 3,
          "line": 12,
          "col": 3,
          "lit": "architecture"
        },
        "value": ""
      },
      {
        "key": {
          "type": 0,
          "file": 3,
          "line": 14,
          "col": 3,
          "lit": "check-latest"
        },
        "value": {
          "type": 0,
          "file": 3,
          "line": 16,
          "col": 14,
          "lit": "false"
        }
      },
      {
        "key": {
          "type": 0,
          "file": 3,
          "line": 17,
          "col": 3,
          "lit": "registry-url"
        },
        "value": ""
      },
      {
        "key": {
          "type": 0,
          "file": 3,
          "line": 19,
          "col": 3,
          "lit": "scope"
        },
        "value": ""
      },
      {
        "key": {
          "type": 0,
          "file": 3,
          "line": 21,
          "col": 3,
          "lit": "token"
        },
        "value": {
          "type": 3,
          "file": 3,
          "line": 23,
          "col": 14,
          "expr": "github.server_url == 'https://github.com' && github.token || ''"
        }
      },
      {
        "key": {
          "type": 0,
          "file": 3,
          "line": 24,
          "col": 3,
          "lit": "cache"
        },
        "value": ""
      },
      {
        "key": {
          "type": 0,
          "file": 3,
          "line": 26,
          "col": 3,
          "lit": "cache-dependency-path"
        },
        "value": ""
      },
      {
        "key": {
          "type": 0,
          "file": 3,
          "line": 28,
          "col": 3,
          "lit": "mirror"
        },
        "value": ""
      },
      {
        "key": {
          "type": 0,
          "file": 3,
          "line": 30,
          "col": 3,
          "lit": "mirror-token"
        },
        "value": ""
      }
    ]
  },
  "execution": {
    "executionType": "nodeJS",
    "hasPre": false,
    "hasPost": true,
    "script": "dist/setup/index.js",
    "pre": null,
    "post": "dist/cache-save/index.js",
    "nodeVersion": "node20",
    "cleanupCondition": "success()",
    "initCondition": "always()"
  },
  "deprecated": null
}
[2026-06-06 06:35:15Z INFO ActionManager] Action pre node.js file: N/A.
[2026-06-06 06:35:15Z INFO ActionManager] Action node.js file: dist/setup/index.js.
[2026-06-06 06:35:15Z INFO ActionManager] Action post node.js file: dist/cache-save/index.js.
[2026-06-06 06:35:15Z INFO JobExtension] Adding .
[2026-06-06 06:35:15Z INFO JobExtension] Adding .
[2026-06-06 06:35:15Z INFO JobExtension] Adding .
[2026-06-06 06:35:15Z INFO JobExtension] Adding .
[2026-06-06 06:35:15Z INFO JobExtension] Adding .
[2026-06-06 06:35:15Z INFO JobExtension] Adding .
[2026-06-06 06:35:15Z INFO HostContext] Well known directory 'Bin': 'C:\Users\Jean\AulaCI_POS\pgats-ci\actions-runner\bin'
[2026-06-06 06:35:15Z INFO HostContext] Well known directory 'Root': 'C:\Users\Jean\AulaCI_POS\pgats-ci\actions-runner'
[2026-06-06 06:35:15Z INFO HostContext] Well known directory 'Diag': 'C:\Users\Jean\AulaCI_POS\pgats-ci\actions-runner\_diag'
[2026-06-06 06:35:15Z INFO HostContext] Well known directory 'Bin': 'C:\Users\Jean\AulaCI_POS\pgats-ci\actions-runner\bin'
[2026-06-06 06:35:15Z INFO HostContext] Well known directory 'Root': 'C:\Users\Jean\AulaCI_POS\pgats-ci\actions-runner'
[2026-06-06 06:35:15Z INFO HostContext] Well known directory 'Diag': 'C:\Users\Jean\AulaCI_POS\pgats-ci\actions-runner\_diag'
[2026-06-06 06:35:15Z INFO HostContext] Well known directory 'Bin': 'C:\Users\Jean\AulaCI_POS\pgats-ci\actions-runner\bin'
[2026-06-06 06:35:15Z INFO HostContext] Well known directory 'Root': 'C:\Users\Jean\AulaCI_POS\pgats-ci\actions-runner'
[2026-06-06 06:35:15Z INFO HostContext] Well known directory 'Diag': 'C:\Users\Jean\AulaCI_POS\pgats-ci\actions-runner\_diag'
[2026-06-06 06:35:15Z INFO HostContext] Well known directory 'Bin': 'C:\Users\Jean\AulaCI_POS\pgats-ci\actions-runner\bin'
[2026-06-06 06:35:15Z INFO HostContext] Well known directory 'Root': 'C:\Users\Jean\AulaCI_POS\pgats-ci\actions-runner'
[2026-06-06 06:35:15Z INFO HostContext] Well known directory 'Diag': 'C:\Users\Jean\AulaCI_POS\pgats-ci\actions-runner\_diag'
[2026-06-06 06:35:15Z INFO HostContext] Well known directory 'Bin': 'C:\Users\Jean\AulaCI_POS\pgats-ci\actions-runner\bin'
[2026-06-06 06:35:15Z INFO HostContext] Well known directory 'Root': 'C:\Users\Jean\AulaCI_POS\pgats-ci\actions-runner'
[2026-06-06 06:35:15Z INFO HostContext] Well known directory 'Diag': 'C:\Users\Jean\AulaCI_POS\pgats-ci\actions-runner\_diag'
[2026-06-06 06:35:15Z INFO HostContext] Well known directory 'Bin': 'C:\Users\Jean\AulaCI_POS\pgats-ci\actions-runner\bin'
[2026-06-06 06:35:15Z INFO HostContext] Well known directory 'Root': 'C:\Users\Jean\AulaCI_POS\pgats-ci\actions-runner'
[2026-06-06 06:35:15Z INFO HostContext] Well known directory 'Diag': 'C:\Users\Jean\AulaCI_POS\pgats-ci\actions-runner\_diag'
[2026-06-06 06:35:15Z INFO HostContext] Well known directory 'Bin': 'C:\Users\Jean\AulaCI_POS\pgats-ci\actions-runner\bin'
[2026-06-06 06:35:15Z INFO HostContext] Well known directory 'Root': 'C:\Users\Jean\AulaCI_POS\pgats-ci\actions-runner'
[2026-06-06 06:35:15Z INFO HostContext] Well known directory 'Diag': 'C:\Users\Jean\AulaCI_POS\pgats-ci\actions-runner\_diag'
[2026-06-06 06:35:15Z INFO HostContext] Well known directory 'Bin': 'C:\Users\Jean\AulaCI_POS\pgats-ci\actions-runner\bin'
[2026-06-06 06:35:15Z INFO HostContext] Well known directory 'Root': 'C:\Users\Jean\AulaCI_POS\pgats-ci\actions-runner'
[2026-06-06 06:35:15Z INFO HostContext] Well known directory 'Diag': 'C:\Users\Jean\AulaCI_POS\pgats-ci\actions-runner\_diag'
[2026-06-06 06:35:15Z INFO HostContext] Well known directory 'Bin': 'C:\Users\Jean\AulaCI_POS\pgats-ci\actions-runner\bin'
[2026-06-06 06:35:15Z INFO HostContext] Well known directory 'Root': 'C:\Users\Jean\AulaCI_POS\pgats-ci\actions-runner'
[2026-06-06 06:35:15Z INFO HostContext] Well known directory 'Diag': 'C:\Users\Jean\AulaCI_POS\pgats-ci\actions-runner\_diag'
[2026-06-06 06:35:15Z INFO HostContext] Well known directory 'Bin': 'C:\Users\Jean\AulaCI_POS\pgats-ci\actions-runner\bin'
[2026-06-06 06:35:15Z INFO HostContext] Well known directory 'Root': 'C:\Users\Jean\AulaCI_POS\pgats-ci\actions-runner'
[2026-06-06 06:35:15Z INFO HostContext] Well known directory 'Diag': 'C:\Users\Jean\AulaCI_POS\pgats-ci\actions-runner\_diag'
[2026-06-06 06:35:15Z INFO HostContext] Well known directory 'Bin': 'C:\Users\Jean\AulaCI_POS\pgats-ci\actions-runner\bin'
[2026-06-06 06:35:15Z INFO HostContext] Well known directory 'Root': 'C:\Users\Jean\AulaCI_POS\pgats-ci\actions-runner'
[2026-06-06 06:35:15Z INFO HostContext] Well known directory 'Diag': 'C:\Users\Jean\AulaCI_POS\pgats-ci\actions-runner\_diag'
[2026-06-06 06:35:15Z INFO HostContext] Well known directory 'Bin': 'C:\Users\Jean\AulaCI_POS\pgats-ci\actions-runner\bin'
[2026-06-06 06:35:15Z INFO HostContext] Well known directory 'Root': 'C:\Users\Jean\AulaCI_POS\pgats-ci\actions-runner'
[2026-06-06 06:35:15Z INFO HostContext] Well known directory 'Diag': 'C:\Users\Jean\AulaCI_POS\pgats-ci\actions-runner\_diag'
[2026-06-06 06:35:15Z INFO JobExtension] Total accessible running process: 233.
[2026-06-06 06:35:15Z INFO HostContext] Well known directory 'Bin': 'C:\Users\Jean\AulaCI_POS\pgats-ci\actions-runner\bin'
[2026-06-06 06:35:15Z INFO HostContext] Well known directory 'Root': 'C:\Users\Jean\AulaCI_POS\pgats-ci\actions-runner'
[2026-06-06 06:35:15Z INFO HostContext] Well known directory 'Work': 'C:\Users\Jean\AulaCI_POS\pgats-ci\actions-runner\_work'
[2026-06-06 06:35:15Z INFO JobExtension] Start checking server connectivity.
[2026-06-06 06:35:15Z INFO JobExtension] Check server connectivity for https://broker.actions.githubusercontent.com/health.
[2026-06-06 06:35:15Z INFO JobExtension] Check server connectivity for https://token.actions.githubusercontent.com/ready.
[2026-06-06 06:35:15Z INFO JobExtension] Check server connectivity for https://run.actions.githubusercontent.com/health.
[2026-06-06 06:35:15Z INFO JobExtension] Start checking service connectivity in background.
[2026-06-06 06:35:15Z INFO JobServerQueue] Try to append 1 batches web console lines for record '37dbf511-210b-47f7-8dcd-b07cffd7f674', success rate: 1/1.
[2026-06-06 06:35:15Z INFO ExecutionContext] Publish step telemetry for current step {
  "action": "setup_job",
  "type": "runner",
  "stage": "Pre",
  "stepId": "37dbf511-210b-47f7-8dcd-b07cffd7f674",
  "result": "succeeded",
  "errorMessages": [],
  "executionTimeInSeconds": 4,
  "startTime": "2026-06-06T06:35:11.765648Z",
  "finishTime": "2026-06-06T06:35:15.3193308Z"
}.
[2026-06-06 06:35:15Z INFO JobRunner] Total job steps: 6.
[2026-06-06 06:35:15Z INFO JobRunner] Run all job steps.
[2026-06-06 06:35:15Z INFO DapDebugger] DapDebugger initialized
[2026-06-06 06:35:15Z INFO StepsRunner] Processing step: DisplayName='Run actions/checkout@v4'
[2026-06-06 06:35:15Z INFO StepsRunner] Evaluating: success()
[2026-06-06 06:35:15Z INFO StepsRunner] Result: true
[2026-06-06 06:35:15Z INFO StepsRunner] Starting the step.
[2026-06-06 06:35:15Z INFO HostContext] Well known directory 'Bin': 'C:\Users\Jean\AulaCI_POS\pgats-ci\actions-runner\bin'
[2026-06-06 06:35:15Z INFO HostContext] Well known directory 'Root': 'C:\Users\Jean\AulaCI_POS\pgats-ci\actions-runner'
[2026-06-06 06:35:15Z INFO HostContext] Well known directory 'Work': 'C:\Users\Jean\AulaCI_POS\pgats-ci\actions-runner\_work'
[2026-06-06 06:35:15Z INFO StepsRunner] Which2: 'chcp'
[2026-06-06 06:35:15Z INFO StepsRunner] Location: 'C:\Windows\system32\chcp.COM'
[2026-06-06 06:35:15Z INFO ProcessInvokerWrapper] Starting process:
[2026-06-06 06:35:15Z INFO ProcessInvokerWrapper]   File name: 'C:\Windows\system32\chcp.COM'
[2026-06-06 06:35:15Z INFO ProcessInvokerWrapper]   Arguments: '65001'
[2026-06-06 06:35:15Z INFO ProcessInvokerWrapper]   Working directory: 'C:\Users\Jean\AulaCI_POS\pgats-ci\actions-runner\_work'
[2026-06-06 06:35:15Z INFO ProcessInvokerWrapper]   Require exit code zero: 'False'
[2026-06-06 06:35:15Z INFO ProcessInvokerWrapper]   Encoding web name:  ; code page: ''
[2026-06-06 06:35:15Z INFO ProcessInvokerWrapper]   Force kill process on cancellation: 'False'
[2026-06-06 06:35:15Z INFO ProcessInvokerWrapper]   Redirected STDIN: 'False'
[2026-06-06 06:35:15Z INFO ProcessInvokerWrapper]   Persist current code page: 'True'
[2026-06-06 06:35:15Z INFO ProcessInvokerWrapper]   Keep redirected STDIN open: 'False'
[2026-06-06 06:35:15Z INFO ProcessInvokerWrapper]   High priority process: 'False'
[2026-06-06 06:35:15Z INFO ProcessInvokerWrapper] Process started with process id 25316, waiting for process exit.
[2026-06-06 06:35:15Z INFO ProcessInvokerWrapper] STDOUT/STDERR stream read finished.
[2026-06-06 06:35:15Z INFO ProcessInvokerWrapper] STDOUT/STDERR stream read finished.
[2026-06-06 06:35:15Z INFO ProcessInvokerWrapper] Finished process 25316 with exit code 0, and elapsed time 00:00:00.0199386.
[2026-06-06 06:35:15Z INFO StepsRunner] Successfully returned to code page 65001 (UTF8)
[2026-06-06 06:35:15Z INFO HostContext] Well known directory 'Bin': 'C:\Users\Jean\AulaCI_POS\pgats-ci\actions-runner\bin'
[2026-06-06 06:35:15Z INFO HostContext] Well known directory 'Root': 'C:\Users\Jean\AulaCI_POS\pgats-ci\actions-runner'
[2026-06-06 06:35:15Z INFO HostContext] Well known directory 'Work': 'C:\Users\Jean\AulaCI_POS\pgats-ci\actions-runner\_work'
[2026-06-06 06:35:15Z INFO HostContext] Well known directory 'Actions': 'C:\Users\Jean\AulaCI_POS\pgats-ci\actions-runner\_work\_actions'
[2026-06-06 06:35:15Z INFO ActionManager] Load action that reference repository from 'C:\Users\Jean\AulaCI_POS\pgats-ci\actions-runner\_work\_actions\actions\checkout\v4'
[2026-06-06 06:35:15Z INFO HostContext] Well known directory 'Bin': 'C:\Users\Jean\AulaCI_POS\pgats-ci\actions-runner\bin'
[2026-06-06 06:35:15Z INFO HostContext] Well known directory 'Root': 'C:\Users\Jean\AulaCI_POS\pgats-ci\actions-runner'
[2026-06-06 06:35:15Z INFO HostContext] Well known directory 'Work': 'C:\Users\Jean\AulaCI_POS\pgats-ci\actions-runner\_work'
[2026-06-06 06:35:15Z INFO HostContext] Well known directory 'Actions': 'C:\Users\Jean\AulaCI_POS\pgats-ci\actions-runner\_work\_actions'
[2026-06-06 06:35:15Z INFO ActionManifestManagerLegacy] Loaded action.yml file: {
  "name": "Checkout",
  "description": "Checkout a Git repository at a particular version",
  "inputs": {
    "type": 2,
    "map": [
      {
        "key": {
          "type": 0,
          "file": 2,
          "line": 4,
          "col": 3,
          "lit": "repository"
        },
        "value": {
          "type": 3,
          "file": 2,
          "line": 6,
          "col": 14,
          "expr": "github.repository"
        }
      },
      {
        "key": {
          "type": 0,
          "file": 2,
          "line": 7,
          "col": 3,
          "lit": "ref"
        },
        "value": ""
      },
      {
        "key": {
          "type": 0,
          "file": 2,
          "line": 12,
          "col": 3,
          "lit": "token"
        },
        "value": {
          "type": 3,
          "file": 2,
          "line": 24,
          "col": 14,
          "expr": "github.token"
        }
      },
      {
        "key": {
          "type": 0,
          "file": 2,
          "line": 25,
          "col": 3,
          "lit": "ssh-key"
        },
        "value": ""
      },
      {
        "key": {
          "type": 0,
          "file": 2,
          "line": 37,
          "col": 3,
          "lit": "ssh-known-hosts"
        },
        "value": ""
      },
      {
        "key": {
          "type": 0,
          "file": 2,
          "line": 42,
          "col": 3,
          "lit": "ssh-strict"
        },
        "value": {
          "type": 0,
          "file": 2,
          "line": 47,
          "col": 14,
          "lit": "true"
        }
      },
      {
        "key": {
          "type": 0,
          "file": 2,
          "line": 48,
          "col": 3,
          "lit": "ssh-user"
        },
        "value": {
          "type": 0,
          "file": 2,
          "line": 51,
          "col": 14,
          "lit": "git"
        }
      },
      {
        "key": {
          "type": 0,
          "file": 2,
          "line": 52,
          "col": 3,
          "lit": "persist-credentials"
        },
        "value": {
          "type": 0,
          "file": 2,
          "line": 54,
          "col": 14,
          "lit": "true"
        }
      },
      {
        "key": {
          "type": 0,
          "file": 2,
          "line": 55,
          "col": 3,
          "lit": "path"
        },
        "value": ""
      },
      {
        "key": {
          "type": 0,
          "file": 2,
          "line": 57,
          "col": 3,
          "lit": "clean"
        },
        "value": {
          "type": 0,
          "file": 2,
          "line": 59,
          "col": 14,
          "lit": "true"
        }
      },
      {
        "key": {
          "type": 0,
          "file": 2,
          "line": 60,
          "col": 3,
          "lit": "filter"
        },
        "value": {
          "type": 0,
          "file": 2,
          "line": 64,
          "col": 14,
          "lit": ""
        }
      },
      {
        "key": {
          "type": 0,
          "file": 2,
          "line": 65,
          "col": 3,
          "lit": "sparse-checkout"
        },
        "value": {
          "type": 0,
          "file": 2,
          "line": 69,
          "col": 14,
          "lit": ""
        }
      },
      {
        "key": {
          "type": 0,
          "file": 2,
          "line": 70,
          "col": 3,
          "lit": "sparse-checkout-cone-mode"
        },
        "value": {
          "type": 0,
          "file": 2,
          "line": 73,
          "col": 14,
          "lit": "true"
        }
      },
      {
        "key": {
          "type": 0,
          "file": 2,
          "line": 74,
          "col": 3,
          "lit": "fetch-depth"
        },
        "value": {
          "type": 0,
          "file": 2,
          "line": 76,
          "col": 14,
          "lit": "1"
        }
      },
      {
        "key": {
          "type": 0,
          "file": 2,
          "line": 77,
          "col": 3,
          "lit": "fetch-tags"
        },
        "value": {
          "type": 0,
          "file": 2,
          "line": 79,
          "col": 14,
          "lit": "false"
        }
      },
      {
        "key": {
          "type": 0,
          "file": 2,
          "line": 80,
          "col": 3,
          "lit": "show-progress"
        },
        "value": {
          "type": 0,
          "file": 2,
          "line": 82,
          "col": 14,
          "lit": "true"
        }
      },
      {
        "key": {
          "type": 0,
          "file": 2,
          "line": 83,
          "col": 3,
          "lit": "lfs"
        },
        "value": {
          "type": 0,
          "file": 2,
          "line": 85,
          "col": 14,
          "lit": "false"
        }
      },
      {
        "key": {
          "type": 0,
          "file": 2,
          "line": 86,
          "col": 3,
          "lit": "submodules"
        },
        "value": {
          "type": 0,
          "file": 2,
          "line": 94,
          "col": 14,
          "lit": "false"
        }
      },
      {
        "key": {
          "type": 0,
          "file": 2,
          "line": 95,
          "col": 3,
          "lit": "set-safe-directory"
        },
        "value": {
          "type": 0,
          "file": 2,
          "line": 97,
          "col": 14,
          "lit": "true"
        }
      },
      {
        "key": {
          "type": 0,
          "file": 2,
          "line": 98,
          "col": 3,
          "lit": "github-server-url"
        },
        "value": ""
      }
    ]
  },
  "execution": {
    "executionType": "nodeJS",
    "hasPre": false,
    "hasPost": true,
    "script": "dist/index.js",
    "pre": null,
    "post": "dist/index.js",
    "nodeVersion": "node20",
    "cleanupCondition": "always()",
    "initCondition": "always()"
  },
  "deprecated": null
}
[2026-06-06 06:35:15Z INFO ActionManager] Action pre node.js file: N/A.
[2026-06-06 06:35:15Z INFO ActionManager] Action node.js file: dist/index.js.
[2026-06-06 06:35:15Z INFO ActionManager] Action post node.js file: dist/index.js.
[2026-06-06 06:35:15Z INFO ExecutionContext] Reserve record order 8 to 14 for post job actions.
[2026-06-06 06:35:15Z INFO HostContext] Well known directory 'Bin': 'C:\Users\Jean\AulaCI_POS\pgats-ci\actions-runner\bin'
[2026-06-06 06:35:15Z INFO HostContext] Well known directory 'Root': 'C:\Users\Jean\AulaCI_POS\pgats-ci\actions-runner'
[2026-06-06 06:35:15Z INFO HostContext] Well known directory 'Diag': 'C:\Users\Jean\AulaCI_POS\pgats-ci\actions-runner\_diag'
[2026-06-06 06:35:15Z INFO HostContext] Well known directory 'Bin': 'C:\Users\Jean\AulaCI_POS\pgats-ci\actions-runner\bin'
[2026-06-06 06:35:15Z INFO HostContext] Well known directory 'Root': 'C:\Users\Jean\AulaCI_POS\pgats-ci\actions-runner'
[2026-06-06 06:35:15Z INFO HostContext] Well known directory 'Diag': 'C:\Users\Jean\AulaCI_POS\pgats-ci\actions-runner\_diag'
[2026-06-06 06:35:15Z INFO HostContext] Well known directory 'Bin': 'C:\Users\Jean\AulaCI_POS\pgats-ci\actions-runner\bin'
[2026-06-06 06:35:15Z INFO HostContext] Well known directory 'Root': 'C:\Users\Jean\AulaCI_POS\pgats-ci\actions-runner'
[2026-06-06 06:35:15Z INFO HostContext] Well known directory 'Work': 'C:\Users\Jean\AulaCI_POS\pgats-ci\actions-runner\_work'
[2026-06-06 06:35:15Z INFO HostContext] Well known directory 'Temp': 'C:\Users\Jean\AulaCI_POS\pgats-ci\actions-runner\_work\_temp'
[2026-06-06 06:35:15Z INFO ExecutionContext] Write event payload to C:\Users\Jean\AulaCI_POS\pgats-ci\actions-runner\_work\_temp\_github_workflow\event.json
[2026-06-06 06:35:15Z INFO HostContext] Well known directory 'Bin': 'C:\Users\Jean\AulaCI_POS\pgats-ci\actions-runner\bin'
[2026-06-06 06:35:15Z INFO HostContext] Well known directory 'Root': 'C:\Users\Jean\AulaCI_POS\pgats-ci\actions-runner'
[2026-06-06 06:35:15Z INFO HostContext] Well known directory 'Work': 'C:\Users\Jean\AulaCI_POS\pgats-ci\actions-runner\_work'
[2026-06-06 06:35:15Z INFO HostContext] Well known directory 'Temp': 'C:\Users\Jean\AulaCI_POS\pgats-ci\actions-runner\_work\_temp'
[2026-06-06 06:35:15Z INFO ExtensionManager] Getting extensions for interface: 'GitHub.Runner.Worker.IFileCommandExtension'
[2026-06-06 06:35:15Z INFO ExtensionManager] Creating instance: GitHub.Runner.Worker.AddPathFileCommand, Runner.Worker
[2026-06-06 06:35:15Z INFO ExtensionManager] Creating instance: GitHub.Runner.Worker.SetEnvFileCommand, Runner.Worker
[2026-06-06 06:35:15Z INFO ExtensionManager] Creating instance: GitHub.Runner.Worker.CreateStepSummaryCommand, Runner.Worker
[2026-06-06 06:35:15Z INFO ExtensionManager] Creating instance: GitHub.Runner.Worker.SaveStateFileCommand, Runner.Worker
[2026-06-06 06:35:15Z INFO ExtensionManager] Creating instance: GitHub.Runner.Worker.SetOutputFileCommand, Runner.Worker
[2026-06-06 06:35:15Z INFO ActionManifestManagerLegacy] Input 'repository': default value evaluate result: {
  "type": 0,
  "file": 2,
  "line": 6,
  "col": 14,
  "lit": "jeanfelippe/pgats-ci"
}
[2026-06-06 06:35:15Z INFO ActionManifestManagerLegacy] Input 'ref': default value evaluate result: ""
[2026-06-06 06:35:15Z INFO ActionManifestManagerLegacy] Input 'token': default value evaluate result: {
  "type": 0,
  "file": 2,
  "line": 24,
  "col": 14,
  "lit": "***"
}
[2026-06-06 06:35:15Z INFO ActionManifestManagerLegacy] Input 'ssh-key': default value evaluate result: ""
[2026-06-06 06:35:15Z INFO ActionManifestManagerLegacy] Input 'ssh-known-hosts': default value evaluate result: ""
[2026-06-06 06:35:15Z INFO ActionManifestManagerLegacy] Input 'ssh-strict': default value evaluate result: {
  "type": 0,
  "file": 2,
  "line": 47,
  "col": 14,
  "lit": "true"
}
[2026-06-06 06:35:15Z INFO ActionManifestManagerLegacy] Input 'ssh-user': default value evaluate result: {
  "type": 0,
  "file": 2,
  "line": 51,
  "col": 14,
  "lit": "git"
}
[2026-06-06 06:35:15Z INFO ActionManifestManagerLegacy] Input 'persist-credentials': default value evaluate result: {
  "type": 0,
  "file": 2,
  "line": 54,
  "col": 14,
  "lit": "true"
}
[2026-06-06 06:35:15Z INFO ActionManifestManagerLegacy] Input 'path': default value evaluate result: ""
[2026-06-06 06:35:15Z INFO ActionManifestManagerLegacy] Input 'clean': default value evaluate result: {
  "type": 0,
  "file": 2,
  "line": 59,
  "col": 14,
  "lit": "true"
}
[2026-06-06 06:35:15Z INFO ActionManifestManagerLegacy] Input 'filter': default value evaluate result: {
  "type": 0,
  "file": 2,
  "line": 64,
  "col": 14,
  "lit": ""
}
[2026-06-06 06:35:15Z INFO ActionManifestManagerLegacy] Input 'sparse-checkout': default value evaluate result: {
  "type": 0,
  "file": 2,
  "line": 69,
  "col": 14,
  "lit": ""
}
[2026-06-06 06:35:15Z INFO ActionManifestManagerLegacy] Input 'sparse-checkout-cone-mode': default value evaluate result: {
  "type": 0,
  "file": 2,
  "line": 73,
  "col": 14,
  "lit": "true"
}
[2026-06-06 06:35:15Z INFO ActionManifestManagerLegacy] Input 'fetch-depth': default value evaluate result: {
  "type": 0,
  "file": 2,
  "line": 76,
  "col": 14,
  "lit": "1"
}
[2026-06-06 06:35:15Z INFO ActionManifestManagerLegacy] Input 'fetch-tags': default value evaluate result: {
  "type": 0,
  "file": 2,
  "line": 79,
  "col": 14,
  "lit": "false"
}
[2026-06-06 06:35:15Z INFO ActionManifestManagerLegacy] Input 'show-progress': default value evaluate result: {
  "type": 0,
  "file": 2,
  "line": 82,
  "col": 14,
  "lit": "true"
}
[2026-06-06 06:35:15Z INFO ActionManifestManagerLegacy] Input 'lfs': default value evaluate result: {
  "type": 0,
  "file": 2,
  "line": 85,
  "col": 14,
  "lit": "false"
}
[2026-06-06 06:35:15Z INFO ActionManifestManagerLegacy] Input 'submodules': default value evaluate result: {
  "type": 0,
  "file": 2,
  "line": 94,
  "col": 14,
  "lit": "false"
}
[2026-06-06 06:35:15Z INFO ActionManifestManagerLegacy] Input 'set-safe-directory': default value evaluate result: {
  "type": 0,
  "file": 2,
  "line": 97,
  "col": 14,
  "lit": "true"
}
[2026-06-06 06:35:15Z INFO ActionManifestManagerLegacy] Input 'github-server-url': default value evaluate result: ""
[2026-06-06 06:35:15Z INFO ExtensionManager] Getting extensions for interface: 'GitHub.Runner.Worker.IActionCommandExtension'
[2026-06-06 06:35:15Z INFO ExtensionManager] Creating instance: GitHub.Runner.Worker.InternalPluginSetRepoPathCommandExtension, Runner.Worker
[2026-06-06 06:35:15Z INFO ExtensionManager] Creating instance: GitHub.Runner.Worker.SetEnvCommandExtension, Runner.Worker
[2026-06-06 06:35:15Z INFO ExtensionManager] Creating instance: GitHub.Runner.Worker.SetOutputCommandExtension, Runner.Worker
[2026-06-06 06:35:15Z INFO ExtensionManager] Creating instance: GitHub.Runner.Worker.SaveStateCommandExtension, Runner.Worker
[2026-06-06 06:35:15Z INFO ExtensionManager] Creating instance: GitHub.Runner.Worker.AddPathCommandExtension, Runner.Worker
[2026-06-06 06:35:15Z INFO ExtensionManager] Creating instance: GitHub.Runner.Worker.AddMaskCommandExtension, Runner.Worker
[2026-06-06 06:35:15Z INFO ExtensionManager] Creating instance: GitHub.Runner.Worker.AddMatcherCommandExtension, Runner.Worker
[2026-06-06 06:35:15Z INFO ExtensionManager] Creating instance: GitHub.Runner.Worker.RemoveMatcherCommandExtension, Runner.Worker
[2026-06-06 06:35:15Z INFO ExtensionManager] Creating instance: GitHub.Runner.Worker.WarningCommandExtension, Runner.Worker
[2026-06-06 06:35:15Z INFO ExtensionManager] Creating instance: GitHub.Runner.Worker.ErrorCommandExtension, Runner.Worker
[2026-06-06 06:35:15Z INFO ExtensionManager] Creating instance: GitHub.Runner.Worker.NoticeCommandExtension, Runner.Worker
[2026-06-06 06:35:15Z INFO ExtensionManager] Creating instance: GitHub.Runner.Worker.DebugCommandExtension, Runner.Worker
[2026-06-06 06:35:15Z INFO ExtensionManager] Creating instance: GitHub.Runner.Worker.GroupCommandExtension, Runner.Worker
[2026-06-06 06:35:15Z INFO ExtensionManager] Creating instance: GitHub.Runner.Worker.EndGroupCommandExtension, Runner.Worker
[2026-06-06 06:35:15Z INFO ExtensionManager] Creating instance: GitHub.Runner.Worker.EchoCommandExtension, Runner.Worker
[2026-06-06 06:35:15Z INFO ActionCommandManager] Register action command extension for command internal-set-repo-path
[2026-06-06 06:35:15Z INFO ActionCommandManager] Register action command extension for command set-env
[2026-06-06 06:35:15Z INFO ActionCommandManager] Register action command extension for command set-output
[2026-06-06 06:35:15Z INFO ActionCommandManager] Register action command extension for command save-state
[2026-06-06 06:35:15Z INFO ActionCommandManager] Register action command extension for command add-path
[2026-06-06 06:35:15Z INFO ActionCommandManager] Register action command extension for command add-mask
[2026-06-06 06:35:15Z INFO ActionCommandManager] Register action command extension for command add-matcher
[2026-06-06 06:35:15Z INFO ActionCommandManager] Register action command extension for command remove-matcher
[2026-06-06 06:35:15Z INFO ActionCommandManager] Register action command extension for command warning
[2026-06-06 06:35:15Z INFO ActionCommandManager] Register action command extension for command error
[2026-06-06 06:35:15Z INFO ActionCommandManager] Register action command extension for command notice
[2026-06-06 06:35:15Z INFO ActionCommandManager] Register action command extension for command debug
[2026-06-06 06:35:15Z INFO ActionCommandManager] Register action command extension for command group
[2026-06-06 06:35:15Z INFO ActionCommandManager] Register action command extension for command endgroup
[2026-06-06 06:35:15Z INFO ActionCommandManager] Register action command extension for command echo
[2026-06-06 06:35:15Z INFO HostContext] Well known directory 'Bin': 'C:\Users\Jean\AulaCI_POS\pgats-ci\actions-runner\bin'
[2026-06-06 06:35:15Z INFO HostContext] Well known directory 'Root': 'C:\Users\Jean\AulaCI_POS\pgats-ci\actions-runner'
[2026-06-06 06:35:15Z INFO HostContext] Well known directory 'Externals': 'C:\Users\Jean\AulaCI_POS\pgats-ci\actions-runner\externals'
[2026-06-06 06:35:15Z INFO ProcessInvokerWrapper] Starting process:
[2026-06-06 06:35:15Z INFO ProcessInvokerWrapper]   File name: 'C:\Users\Jean\AulaCI_POS\pgats-ci\actions-runner\externals\node20\bin\node.exe'
[2026-06-06 06:35:15Z INFO ProcessInvokerWrapper]   Arguments: '"C:\Users\Jean\AulaCI_POS\pgats-ci\actions-runner\_work\_actions\actions\checkout\v4\dist/index.js"'
[2026-06-06 06:35:15Z INFO ProcessInvokerWrapper]   Working directory: 'C:\Users\Jean\AulaCI_POS\pgats-ci\actions-runner\_work\pgats-ci\pgats-ci'
[2026-06-06 06:35:15Z INFO ProcessInvokerWrapper]   Require exit code zero: 'False'
[2026-06-06 06:35:15Z INFO ProcessInvokerWrapper]   Encoding web name: utf-8 ; code page: '65001'
[2026-06-06 06:35:15Z INFO ProcessInvokerWrapper]   Force kill process on cancellation: 'False'
[2026-06-06 06:35:15Z INFO ProcessInvokerWrapper]   Redirected STDIN: 'False'
[2026-06-06 06:35:15Z INFO ProcessInvokerWrapper]   Persist current code page: 'True'
[2026-06-06 06:35:15Z INFO ProcessInvokerWrapper]   Keep redirected STDIN open: 'False'
[2026-06-06 06:35:15Z INFO ProcessInvokerWrapper]   High priority process: 'False'
[2026-06-06 06:35:15Z INFO JobServerQueue] Try to append 1 batches web console lines for record '0832bce0-2f5a-4e7b-9b57-87ad985b375d', success rate: 1/1.
[2026-06-06 06:35:15Z INFO JobServerQueue] Got a step log file to send to results service.
[2026-06-06 06:35:15Z INFO JobServerQueue] Starting upload of step log file to results service ResultsLog, C:\Users\Jean\AulaCI_POS\pgats-ci\actions-runner\_diag\blocks\f9c4827b-31cc-423a-bb9b-492c28b04993_37dbf511-210b-47f7-8dcd-b07cffd7f674.1
[2026-06-06 06:35:15Z INFO JobServerQueue] Try to upload 1 log files or attachments, success rate: 1/1.
[2026-06-06 06:35:16Z INFO ProcessInvokerWrapper] Process started with process id 2280, waiting for process exit.
[2026-06-06 06:35:16Z INFO JobServerQueue] Tried to upload 1 file(s) to results, success rate: 1/1.
[2026-06-06 06:35:16Z INFO JobServerQueue] Try to append 1 batches web console lines for record '0832bce0-2f5a-4e7b-9b57-87ad985b375d', success rate: 1/1.
[2026-06-06 06:35:16Z INFO AddMaskCommandExtension] Add new secret mask with length of 588
[2026-06-06 06:35:17Z INFO JobServerQueue] Try to append 1 batches web console lines for record '0832bce0-2f5a-4e7b-9b57-87ad985b375d', success rate: 1/1.
[2026-06-06 06:35:17Z INFO JobServerQueue] Try to append 1 batches web console lines for record '0832bce0-2f5a-4e7b-9b57-87ad985b375d', success rate: 1/1.
[2026-06-06 06:35:18Z INFO JobServerQueue] Try to append 1 batches web console lines for record '0832bce0-2f5a-4e7b-9b57-87ad985b375d', success rate: 1/1.
[2026-06-06 06:35:18Z INFO JobServerQueue] Try to append 1 batches web console lines for record '0832bce0-2f5a-4e7b-9b57-87ad985b375d', success rate: 1/1.
[2026-06-06 06:35:25Z INFO HostContext] Well known directory 'Bin': 'C:\Users\Jean\AulaCI_POS\pgats-ci\actions-runner\bin'
[2026-06-06 06:35:25Z INFO HostContext] Well known directory 'Root': 'C:\Users\Jean\AulaCI_POS\pgats-ci\actions-runner'
[2026-06-06 06:35:25Z INFO HostContext] Well known directory 'Work': 'C:\Users\Jean\AulaCI_POS\pgats-ci\actions-runner\_work'
[2026-06-06 06:35:35Z INFO HostContext] Well known directory 'Bin': 'C:\Users\Jean\AulaCI_POS\pgats-ci\actions-runner\bin'
[2026-06-06 06:35:35Z INFO HostContext] Well known directory 'Root': 'C:\Users\Jean\AulaCI_POS\pgats-ci\actions-runner'
[2026-06-06 06:35:35Z INFO HostContext] Well known directory 'Work': 'C:\Users\Jean\AulaCI_POS\pgats-ci\actions-runner\_work'
[2026-06-06 06:35:37Z INFO JobServerQueue] Try to append 1 batches web console lines for record '0832bce0-2f5a-4e7b-9b57-87ad985b375d', success rate: 1/1.
[2026-06-06 06:35:37Z INFO JobServerQueue] Try to append 1 batches web console lines for record '0832bce0-2f5a-4e7b-9b57-87ad985b375d', success rate: 1/1.
[2026-06-06 06:35:39Z INFO JobServerQueue] Try to append 1 batches web console lines for record '0832bce0-2f5a-4e7b-9b57-87ad985b375d', success rate: 1/1.
[2026-06-06 06:35:39Z INFO ProcessInvokerWrapper] STDOUT/STDERR stream read finished.
[2026-06-06 06:35:39Z INFO ProcessInvokerWrapper] STDOUT/STDERR stream read finished.
[2026-06-06 06:35:39Z INFO ProcessInvokerWrapper] Finished process 2280 with exit code 0, and elapsed time 00:00:24.1341745.
[2026-06-06 06:35:39Z INFO CreateStepSummaryCommand] Step Summary file (C:\Users\Jean\AulaCI_POS\pgats-ci\actions-runner\_work\_temp\_runner_file_commands\step_summary_34ba095c-b37f-4a6d-96c0-0ecb3374129b) is empty; skipping attachment upload
[2026-06-06 06:35:39Z INFO StepsRunner] Step result: 
[2026-06-06 06:35:39Z INFO ExecutionContext] Publish step telemetry for current step {
  "action": "actions/checkout",
  "ref": "v4",
  "type": "node20",
  "stage": "Main",
  "stepId": "0832bce0-2f5a-4e7b-9b57-87ad985b375d",
  "stepContextName": "__actions_checkout",
  "hasPreStep": false,
  "hasPostStep": true,
  "result": "succeeded",
  "errorMessages": [],
  "executionTimeInSeconds": 25,
  "startTime": "2026-06-06T06:35:15.3396033Z",
  "finishTime": "2026-06-06T06:35:39.5670119Z"
}.
[2026-06-06 06:35:39Z INFO StepsRunner] No need for updating job result with current step result 'Succeeded'.
[2026-06-06 06:35:39Z INFO StepsRunner] Current state: job state = ''
[2026-06-06 06:35:39Z INFO StepsRunner] Processing step: DisplayName='Run actions/setup-node@v4'
[2026-06-06 06:35:39Z INFO StepsRunner] Evaluating: success()
[2026-06-06 06:35:39Z INFO StepsRunner] Result: true
[2026-06-06 06:35:39Z INFO StepsRunner] Starting the step.
[2026-06-06 06:35:39Z INFO HostContext] Well known directory 'Bin': 'C:\Users\Jean\AulaCI_POS\pgats-ci\actions-runner\bin'
[2026-06-06 06:35:39Z INFO HostContext] Well known directory 'Root': 'C:\Users\Jean\AulaCI_POS\pgats-ci\actions-runner'
[2026-06-06 06:35:39Z INFO HostContext] Well known directory 'Work': 'C:\Users\Jean\AulaCI_POS\pgats-ci\actions-runner\_work'
[2026-06-06 06:35:39Z INFO StepsRunner] Which2: 'chcp'
[2026-06-06 06:35:39Z INFO StepsRunner] Location: 'C:\Windows\system32\chcp.COM'
[2026-06-06 06:35:39Z INFO ProcessInvokerWrapper] Starting process:
[2026-06-06 06:35:39Z INFO ProcessInvokerWrapper]   File name: 'C:\Windows\system32\chcp.COM'
[2026-06-06 06:35:39Z INFO ProcessInvokerWrapper]   Arguments: '65001'
[2026-06-06 06:35:39Z INFO ProcessInvokerWrapper]   Working directory: 'C:\Users\Jean\AulaCI_POS\pgats-ci\actions-runner\_work'
[2026-06-06 06:35:39Z INFO ProcessInvokerWrapper]   Require exit code zero: 'False'
[2026-06-06 06:35:39Z INFO ProcessInvokerWrapper]   Encoding web name:  ; code page: ''
[2026-06-06 06:35:39Z INFO ProcessInvokerWrapper]   Force kill process on cancellation: 'False'
[2026-06-06 06:35:39Z INFO ProcessInvokerWrapper]   Redirected STDIN: 'False'
[2026-06-06 06:35:39Z INFO ProcessInvokerWrapper]   Persist current code page: 'True'
[2026-06-06 06:35:39Z INFO ProcessInvokerWrapper]   Keep redirected STDIN open: 'False'
[2026-06-06 06:35:39Z INFO ProcessInvokerWrapper]   High priority process: 'False'
[2026-06-06 06:35:39Z INFO ProcessInvokerWrapper] Process started with process id 28324, waiting for process exit.
[2026-06-06 06:35:39Z INFO ProcessInvokerWrapper] STDOUT/STDERR stream read finished.
[2026-06-06 06:35:39Z INFO ProcessInvokerWrapper] STDOUT/STDERR stream read finished.
[2026-06-06 06:35:39Z INFO ProcessInvokerWrapper] Finished process 28324 with exit code 0, and elapsed time 00:00:00.0081998.
[2026-06-06 06:35:39Z INFO StepsRunner] Successfully returned to code page 65001 (UTF8)
[2026-06-06 06:35:39Z INFO HostContext] Well known directory 'Bin': 'C:\Users\Jean\AulaCI_POS\pgats-ci\actions-runner\bin'
[2026-06-06 06:35:39Z INFO HostContext] Well known directory 'Root': 'C:\Users\Jean\AulaCI_POS\pgats-ci\actions-runner'
[2026-06-06 06:35:39Z INFO HostContext] Well known directory 'Work': 'C:\Users\Jean\AulaCI_POS\pgats-ci\actions-runner\_work'
[2026-06-06 06:35:39Z INFO HostContext] Well known directory 'Actions': 'C:\Users\Jean\AulaCI_POS\pgats-ci\actions-runner\_work\_actions'
[2026-06-06 06:35:39Z INFO ActionManager] Load action that reference repository from 'C:\Users\Jean\AulaCI_POS\pgats-ci\actions-runner\_work\_actions\actions\setup-node\v4'
[2026-06-06 06:35:39Z INFO HostContext] Well known directory 'Bin': 'C:\Users\Jean\AulaCI_POS\pgats-ci\actions-runner\bin'
[2026-06-06 06:35:39Z INFO HostContext] Well known directory 'Root': 'C:\Users\Jean\AulaCI_POS\pgats-ci\actions-runner'
[2026-06-06 06:35:39Z INFO HostContext] Well known directory 'Work': 'C:\Users\Jean\AulaCI_POS\pgats-ci\actions-runner\_work'
[2026-06-06 06:35:39Z INFO HostContext] Well known directory 'Actions': 'C:\Users\Jean\AulaCI_POS\pgats-ci\actions-runner\_work\_actions'
[2026-06-06 06:35:39Z INFO ActionManifestManagerLegacy] Ignore action property author.
[2026-06-06 06:35:39Z INFO ActionManifestManagerLegacy] Loaded action.yml file: {
  "name": "Setup Node.js environment",
  "description": "Setup a Node.js environment by adding problem matchers and optionally downloading and adding it to the PATH.",
  "inputs": {
    "type": 2,
    "map": [
      {
        "key": {
          "type": 0,
          "file": 3,
          "line": 5,
          "col": 3,
          "lit": "always-auth"
        },
        "value": {
          "type": 0,
          "file": 3,
          "line": 7,
          "col": 14,
          "lit": "false"
        }
      },
      {
        "key": {
          "type": 0,
          "file": 3,
          "line": 8,
          "col": 3,
          "lit": "node-version"
        },
        "value": ""
      },
      {
        "key": {
          "type": 0,
          "file": 3,
          "line": 10,
          "col": 3,
          "lit": "node-version-file"
        },
        "value": ""
      },
      {
        "key": {
          "type": 0,
          "file": 3,
          "line": 12,
          "col": 3,
          "lit": "architecture"
        },
        "value": ""
      },
      {
        "key": {
          "type": 0,
          "file": 3,
          "line": 14,
          "col": 3,
          "lit": "check-latest"
        },
        "value": {
          "type": 0,
          "file": 3,
          "line": 16,
          "col": 14,
          "lit": "false"
        }
      },
      {
        "key": {
          "type": 0,
          "file": 3,
          "line": 17,
          "col": 3,
          "lit": "registry-url"
        },
        "value": ""
      },
      {
        "key": {
          "type": 0,
          "file": 3,
          "line": 19,
          "col": 3,
          "lit": "scope"
        },
        "value": ""
      },
      {
        "key": {
          "type": 0,
          "file": 3,
          "line": 21,
          "col": 3,
          "lit": "token"
        },
        "value": {
          "type": 3,
          "file": 3,
          "line": 23,
          "col": 14,
          "expr": "github.server_url == 'https://github.com' && github.token || ''"
        }
      },
      {
        "key": {
          "type": 0,
          "file": 3,
          "line": 24,
          "col": 3,
          "lit": "cache"
        },
        "value": ""
      },
      {
        "key": {
          "type": 0,
          "file": 3,
          "line": 26,
          "col": 3,
          "lit": "cache-dependency-path"
        },
        "value": ""
      },
      {
        "key": {
          "type": 0,
          "file": 3,
          "line": 28,
          "col": 3,
          "lit": "mirror"
        },
        "value": ""
      },
      {
        "key": {
          "type": 0,
          "file": 3,
          "line": 30,
          "col": 3,
          "lit": "mirror-token"
        },
        "value": ""
      }
    ]
  },
  "execution": {
    "executionType": "nodeJS",
    "hasPre": false,
    "hasPost": true,
    "script": "dist/setup/index.js",
    "pre": null,
    "post": "dist/cache-save/index.js",
    "nodeVersion": "node20",
    "cleanupCondition": "success()",
    "initCondition": "always()"
  },
  "deprecated": null
}
[2026-06-06 06:35:39Z INFO ActionManager] Action pre node.js file: N/A.
[2026-06-06 06:35:39Z INFO ActionManager] Action node.js file: dist/setup/index.js.
[2026-06-06 06:35:39Z INFO ActionManager] Action post node.js file: dist/cache-save/index.js.
[2026-06-06 06:35:39Z INFO HostContext] Well known directory 'Bin': 'C:\Users\Jean\AulaCI_POS\pgats-ci\actions-runner\bin'
[2026-06-06 06:35:39Z INFO HostContext] Well known directory 'Root': 'C:\Users\Jean\AulaCI_POS\pgats-ci\actions-runner'
[2026-06-06 06:35:39Z INFO HostContext] Well known directory 'Diag': 'C:\Users\Jean\AulaCI_POS\pgats-ci\actions-runner\_diag'
[2026-06-06 06:35:39Z INFO HostContext] Well known directory 'Bin': 'C:\Users\Jean\AulaCI_POS\pgats-ci\actions-runner\bin'
[2026-06-06 06:35:39Z INFO HostContext] Well known directory 'Root': 'C:\Users\Jean\AulaCI_POS\pgats-ci\actions-runner'
[2026-06-06 06:35:39Z INFO HostContext] Well known directory 'Diag': 'C:\Users\Jean\AulaCI_POS\pgats-ci\actions-runner\_diag'
[2026-06-06 06:35:39Z INFO HostContext] Well known directory 'Bin': 'C:\Users\Jean\AulaCI_POS\pgats-ci\actions-runner\bin'
[2026-06-06 06:35:39Z INFO HostContext] Well known directory 'Root': 'C:\Users\Jean\AulaCI_POS\pgats-ci\actions-runner'
[2026-06-06 06:35:39Z INFO HostContext] Well known directory 'Work': 'C:\Users\Jean\AulaCI_POS\pgats-ci\actions-runner\_work'
[2026-06-06 06:35:39Z INFO HostContext] Well known directory 'Temp': 'C:\Users\Jean\AulaCI_POS\pgats-ci\actions-runner\_work\_temp'
[2026-06-06 06:35:39Z INFO ExecutionContext] Write event payload to C:\Users\Jean\AulaCI_POS\pgats-ci\actions-runner\_work\_temp\_github_workflow\event.json
[2026-06-06 06:35:39Z INFO HostContext] Well known directory 'Bin': 'C:\Users\Jean\AulaCI_POS\pgats-ci\actions-runner\bin'
[2026-06-06 06:35:39Z INFO HostContext] Well known directory 'Root': 'C:\Users\Jean\AulaCI_POS\pgats-ci\actions-runner'
[2026-06-06 06:35:39Z INFO HostContext] Well known directory 'Work': 'C:\Users\Jean\AulaCI_POS\pgats-ci\actions-runner\_work'
[2026-06-06 06:35:39Z INFO HostContext] Well known directory 'Temp': 'C:\Users\Jean\AulaCI_POS\pgats-ci\actions-runner\_work\_temp'
[2026-06-06 06:35:39Z INFO ExtensionManager] Getting extensions for interface: 'GitHub.Runner.Worker.IFileCommandExtension'
[2026-06-06 06:35:39Z INFO ActionManifestManagerLegacy] Input 'always-auth': default value evaluate result: {
  "type": 0,
  "file": 3,
  "line": 7,
  "col": 14,
  "lit": "false"
}
[2026-06-06 06:35:39Z INFO ActionManifestManagerLegacy] Input 'node-version-file': default value evaluate result: ""
[2026-06-06 06:35:39Z INFO ActionManifestManagerLegacy] Input 'architecture': default value evaluate result: ""
[2026-06-06 06:35:39Z INFO ActionManifestManagerLegacy] Input 'check-latest': default value evaluate result: {
  "type": 0,
  "file": 3,
  "line": 16,
  "col": 14,
  "lit": "false"
}
[2026-06-06 06:35:39Z INFO ActionManifestManagerLegacy] Input 'registry-url': default value evaluate result: ""
[2026-06-06 06:35:39Z INFO ActionManifestManagerLegacy] Input 'scope': default value evaluate result: ""
[2026-06-06 06:35:39Z INFO ActionManifestManagerLegacy] Input 'token': default value evaluate result: {
  "type": 0,
  "file": 3,
  "line": 23,
  "col": 14,
  "lit": "***"
}
[2026-06-06 06:35:39Z INFO ActionManifestManagerLegacy] Input 'cache': default value evaluate result: ""
[2026-06-06 06:35:39Z INFO ActionManifestManagerLegacy] Input 'cache-dependency-path': default value evaluate result: ""
[2026-06-06 06:35:39Z INFO ActionManifestManagerLegacy] Input 'mirror': default value evaluate result: ""
[2026-06-06 06:35:39Z INFO ActionManifestManagerLegacy] Input 'mirror-token': default value evaluate result: ""
[2026-06-06 06:35:39Z INFO ExtensionManager] Getting extensions for interface: 'GitHub.Runner.Worker.IActionCommandExtension'
[2026-06-06 06:35:39Z INFO ActionCommandManager] Register action command extension for command internal-set-repo-path
[2026-06-06 06:35:39Z INFO ActionCommandManager] Register action command extension for command set-env
[2026-06-06 06:35:39Z INFO ActionCommandManager] Register action command extension for command set-output
[2026-06-06 06:35:39Z INFO ActionCommandManager] Register action command extension for command save-state
[2026-06-06 06:35:39Z INFO ActionCommandManager] Register action command extension for command add-path
[2026-06-06 06:35:39Z INFO ActionCommandManager] Register action command extension for command add-mask
[2026-06-06 06:35:39Z INFO ActionCommandManager] Register action command extension for command add-matcher
[2026-06-06 06:35:39Z INFO ActionCommandManager] Register action command extension for command remove-matcher
[2026-06-06 06:35:39Z INFO ActionCommandManager] Register action command extension for command warning
[2026-06-06 06:35:39Z INFO ActionCommandManager] Register action command extension for command error
[2026-06-06 06:35:39Z INFO ActionCommandManager] Register action command extension for command notice
[2026-06-06 06:35:39Z INFO ActionCommandManager] Register action command extension for command debug
[2026-06-06 06:35:39Z INFO ActionCommandManager] Register action command extension for command group
[2026-06-06 06:35:39Z INFO ActionCommandManager] Register action command extension for command endgroup
[2026-06-06 06:35:39Z INFO ActionCommandManager] Register action command extension for command echo
[2026-06-06 06:35:39Z INFO HostContext] Well known directory 'Bin': 'C:\Users\Jean\AulaCI_POS\pgats-ci\actions-runner\bin'
[2026-06-06 06:35:39Z INFO HostContext] Well known directory 'Root': 'C:\Users\Jean\AulaCI_POS\pgats-ci\actions-runner'
[2026-06-06 06:35:39Z INFO HostContext] Well known directory 'Externals': 'C:\Users\Jean\AulaCI_POS\pgats-ci\actions-runner\externals'
[2026-06-06 06:35:39Z INFO ProcessInvokerWrapper] Starting process:
[2026-06-06 06:35:39Z INFO ProcessInvokerWrapper]   File name: 'C:\Users\Jean\AulaCI_POS\pgats-ci\actions-runner\externals\node20\bin\node.exe'
[2026-06-06 06:35:39Z INFO ProcessInvokerWrapper]   Arguments: '"C:\Users\Jean\AulaCI_POS\pgats-ci\actions-runner\_work\_actions\actions\setup-node\v4\dist/setup/index.js"'
[2026-06-06 06:35:39Z INFO ProcessInvokerWrapper]   Working directory: 'C:\Users\Jean\AulaCI_POS\pgats-ci\actions-runner\_work\pgats-ci\pgats-ci'
[2026-06-06 06:35:39Z INFO ProcessInvokerWrapper]   Require exit code zero: 'False'
[2026-06-06 06:35:39Z INFO ProcessInvokerWrapper]   Encoding web name: utf-8 ; code page: '65001'
[2026-06-06 06:35:39Z INFO ProcessInvokerWrapper]   Force kill process on cancellation: 'False'
[2026-06-06 06:35:39Z INFO ProcessInvokerWrapper]   Redirected STDIN: 'False'
[2026-06-06 06:35:39Z INFO ProcessInvokerWrapper]   Persist current code page: 'True'
[2026-06-06 06:35:39Z INFO ProcessInvokerWrapper]   Keep redirected STDIN open: 'False'
[2026-06-06 06:35:39Z INFO ProcessInvokerWrapper]   High priority process: 'False'
[2026-06-06 06:35:39Z INFO ProcessInvokerWrapper] Process started with process id 27068, waiting for process exit.
[2026-06-06 06:35:39Z INFO JobServerQueue] Try to append 1 batches web console lines for record '0832bce0-2f5a-4e7b-9b57-87ad985b375d', success rate: 1/1.
[2026-06-06 06:35:39Z INFO JobServerQueue] Try to append 1 batches web console lines for record '0d1888d2-623e-4805-8711-b4e25d081deb', success rate: 1/1.
[2026-06-06 06:35:39Z INFO JobServerQueue] Got a step log file to send to results service.
[2026-06-06 06:35:39Z INFO JobServerQueue] Starting upload of step log file to results service ResultsLog, C:\Users\Jean\AulaCI_POS\pgats-ci\actions-runner\_diag\blocks\f9c4827b-31cc-423a-bb9b-492c28b04993_0832bce0-2f5a-4e7b-9b57-87ad985b375d.1
[2026-06-06 06:35:39Z INFO JobServerQueue] Try to upload 1 log files or attachments, success rate: 1/1.
[2026-06-06 06:35:40Z INFO JobServerQueue] Tried to upload 1 file(s) to results, success rate: 1/1.
[2026-06-06 06:35:40Z INFO JobServerQueue] Try to append 1 batches web console lines for record '0d1888d2-623e-4805-8711-b4e25d081deb', success rate: 1/1.
[2026-06-06 06:35:41Z INFO JobServerQueue] Try to append 1 batches web console lines for record '0d1888d2-623e-4805-8711-b4e25d081deb', success rate: 1/1.
[2026-06-06 06:35:44Z INFO JobServerQueue] Try to append 1 batches web console lines for record '0d1888d2-623e-4805-8711-b4e25d081deb', success rate: 1/1.
[2026-06-06 06:35:45Z INFO HostContext] Well known directory 'Bin': 'C:\Users\Jean\AulaCI_POS\pgats-ci\actions-runner\bin'
[2026-06-06 06:35:45Z INFO HostContext] Well known directory 'Root': 'C:\Users\Jean\AulaCI_POS\pgats-ci\actions-runner'
[2026-06-06 06:35:45Z INFO HostContext] Well known directory 'Work': 'C:\Users\Jean\AulaCI_POS\pgats-ci\actions-runner\_work'
[2026-06-06 06:35:53Z INFO JobServerQueue] Try to append 1 batches web console lines for record '0d1888d2-623e-4805-8711-b4e25d081deb', success rate: 1/1.
[2026-06-06 06:35:55Z INFO HostContext] Well known directory 'Bin': 'C:\Users\Jean\AulaCI_POS\pgats-ci\actions-runner\bin'
[2026-06-06 06:35:55Z INFO HostContext] Well known directory 'Root': 'C:\Users\Jean\AulaCI_POS\pgats-ci\actions-runner'
[2026-06-06 06:35:55Z INFO HostContext] Well known directory 'Work': 'C:\Users\Jean\AulaCI_POS\pgats-ci\actions-runner\_work'
[2026-06-06 06:35:57Z INFO JobServerQueue] Try to append 1 batches web console lines for record '0d1888d2-623e-4805-8711-b4e25d081deb', success rate: 1/1.
[2026-06-06 06:36:02Z INFO ProcessInvokerWrapper] STDOUT/STDERR stream read finished.
[2026-06-06 06:36:02Z INFO ProcessInvokerWrapper] STDOUT/STDERR stream read finished.
[2026-06-06 06:36:02Z INFO ProcessInvokerWrapper] Finished process 27068 with exit code 0, and elapsed time 00:00:23.1600301.
[2026-06-06 06:36:02Z INFO CreateStepSummaryCommand] Step Summary file (C:\Users\Jean\AulaCI_POS\pgats-ci\actions-runner\_work\_temp\_runner_file_commands\step_summary_b0666d20-54cd-4e0e-83ef-d3d862716e1c) is empty; skipping attachment upload
[2026-06-06 06:36:02Z INFO StepsRunner] Step result: 
[2026-06-06 06:36:02Z INFO ExecutionContext] Publish step telemetry for current step {
  "action": "actions/setup-node",
  "ref": "v4",
  "type": "node20",
  "stage": "Main",
  "stepId": "0d1888d2-623e-4805-8711-b4e25d081deb",
  "stepContextName": "__actions_setup-node",
  "hasPreStep": false,
  "hasPostStep": true,
  "result": "succeeded",
  "errorMessages": [],
  "executionTimeInSeconds": 24,
  "startTime": "2026-06-06T06:35:39.5683711Z",
  "finishTime": "2026-06-06T06:36:02.7555647Z"
}.
[2026-06-06 06:36:02Z INFO StepsRunner] No need for updating job result with current step result 'Succeeded'.
[2026-06-06 06:36:02Z INFO StepsRunner] Current state: job state = ''
[2026-06-06 06:36:02Z INFO StepsRunner] Processing step: DisplayName='Instalando Yarn'
[2026-06-06 06:36:02Z INFO StepsRunner] Evaluating: success()
[2026-06-06 06:36:02Z INFO StepsRunner] Result: true
[2026-06-06 06:36:02Z INFO StepsRunner] Starting the step.
[2026-06-06 06:36:02Z INFO HostContext] Well known directory 'Bin': 'C:\Users\Jean\AulaCI_POS\pgats-ci\actions-runner\bin'
[2026-06-06 06:36:02Z INFO HostContext] Well known directory 'Root': 'C:\Users\Jean\AulaCI_POS\pgats-ci\actions-runner'
[2026-06-06 06:36:02Z INFO HostContext] Well known directory 'Work': 'C:\Users\Jean\AulaCI_POS\pgats-ci\actions-runner\_work'
[2026-06-06 06:36:02Z INFO StepsRunner] Which2: 'chcp'
[2026-06-06 06:36:02Z INFO StepsRunner] Location: 'C:\Windows\system32\chcp.COM'
[2026-06-06 06:36:02Z INFO ProcessInvokerWrapper] Starting process:
[2026-06-06 06:36:02Z INFO ProcessInvokerWrapper]   File name: 'C:\Windows\system32\chcp.COM'
[2026-06-06 06:36:02Z INFO ProcessInvokerWrapper]   Arguments: '65001'
[2026-06-06 06:36:02Z INFO ProcessInvokerWrapper]   Working directory: 'C:\Users\Jean\AulaCI_POS\pgats-ci\actions-runner\_work'
[2026-06-06 06:36:02Z INFO ProcessInvokerWrapper]   Require exit code zero: 'False'
[2026-06-06 06:36:02Z INFO ProcessInvokerWrapper]   Encoding web name:  ; code page: ''
[2026-06-06 06:36:02Z INFO ProcessInvokerWrapper]   Force kill process on cancellation: 'False'
[2026-06-06 06:36:02Z INFO ProcessInvokerWrapper]   Redirected STDIN: 'False'
[2026-06-06 06:36:02Z INFO ProcessInvokerWrapper]   Persist current code page: 'True'
[2026-06-06 06:36:02Z INFO ProcessInvokerWrapper]   Keep redirected STDIN open: 'False'
[2026-06-06 06:36:02Z INFO ProcessInvokerWrapper]   High priority process: 'False'
[2026-06-06 06:36:02Z INFO ProcessInvokerWrapper] Process started with process id 9556, waiting for process exit.
[2026-06-06 06:36:02Z INFO ProcessInvokerWrapper] STDOUT/STDERR stream read finished.
[2026-06-06 06:36:02Z INFO ProcessInvokerWrapper] STDOUT/STDERR stream read finished.
[2026-06-06 06:36:02Z INFO ProcessInvokerWrapper] Finished process 9556 with exit code 0, and elapsed time 00:00:00.0121469.
[2026-06-06 06:36:02Z INFO StepsRunner] Successfully returned to code page 65001 (UTF8)
[2026-06-06 06:36:02Z INFO HostContext] Well known directory 'Bin': 'C:\Users\Jean\AulaCI_POS\pgats-ci\actions-runner\bin'
[2026-06-06 06:36:02Z INFO HostContext] Well known directory 'Root': 'C:\Users\Jean\AulaCI_POS\pgats-ci\actions-runner'
[2026-06-06 06:36:02Z INFO HostContext] Well known directory 'Work': 'C:\Users\Jean\AulaCI_POS\pgats-ci\actions-runner\_work'
[2026-06-06 06:36:02Z INFO HostContext] Well known directory 'Temp': 'C:\Users\Jean\AulaCI_POS\pgats-ci\actions-runner\_work\_temp'
[2026-06-06 06:36:02Z INFO ExecutionContext] Write event payload to C:\Users\Jean\AulaCI_POS\pgats-ci\actions-runner\_work\_temp\_github_workflow\event.json
[2026-06-06 06:36:02Z INFO HostContext] Well known directory 'Bin': 'C:\Users\Jean\AulaCI_POS\pgats-ci\actions-runner\bin'
[2026-06-06 06:36:02Z INFO HostContext] Well known directory 'Root': 'C:\Users\Jean\AulaCI_POS\pgats-ci\actions-runner'
[2026-06-06 06:36:02Z INFO HostContext] Well known directory 'Work': 'C:\Users\Jean\AulaCI_POS\pgats-ci\actions-runner\_work'
[2026-06-06 06:36:02Z INFO HostContext] Well known directory 'Temp': 'C:\Users\Jean\AulaCI_POS\pgats-ci\actions-runner\_work\_temp'
[2026-06-06 06:36:02Z INFO ExtensionManager] Getting extensions for interface: 'GitHub.Runner.Worker.IFileCommandExtension'
[2026-06-06 06:36:02Z INFO ExtensionManager] Getting extensions for interface: 'GitHub.Runner.Worker.IActionCommandExtension'
[2026-06-06 06:36:02Z INFO ActionCommandManager] Register action command extension for command internal-set-repo-path
[2026-06-06 06:36:02Z INFO ActionCommandManager] Register action command extension for command set-env
[2026-06-06 06:36:02Z INFO ActionCommandManager] Register action command extension for command set-output
[2026-06-06 06:36:02Z INFO ActionCommandManager] Register action command extension for command save-state
[2026-06-06 06:36:02Z INFO ActionCommandManager] Register action command extension for command add-path
[2026-06-06 06:36:02Z INFO ActionCommandManager] Register action command extension for command add-mask
[2026-06-06 06:36:02Z INFO ActionCommandManager] Register action command extension for command add-matcher
[2026-06-06 06:36:02Z INFO ActionCommandManager] Register action command extension for command remove-matcher
[2026-06-06 06:36:02Z INFO ActionCommandManager] Register action command extension for command warning
[2026-06-06 06:36:02Z INFO ActionCommandManager] Register action command extension for command error
[2026-06-06 06:36:02Z INFO ActionCommandManager] Register action command extension for command notice
[2026-06-06 06:36:02Z INFO ActionCommandManager] Register action command extension for command debug
[2026-06-06 06:36:02Z INFO ActionCommandManager] Register action command extension for command group
[2026-06-06 06:36:02Z INFO ActionCommandManager] Register action command extension for command endgroup
[2026-06-06 06:36:02Z INFO ActionCommandManager] Register action command extension for command echo
[2026-06-06 06:36:02Z INFO JobServerQueue] Try to append 1 batches web console lines for record '0d1888d2-623e-4805-8711-b4e25d081deb', success rate: 1/1.
[2026-06-06 06:36:02Z INFO ScriptHandler] Which2: 'pwsh'
[2026-06-06 06:36:02Z INFO ScriptHandler] pwsh: command not found. Make sure 'pwsh' is installed and its location included in the 'Path' environment variable.
[2026-06-06 06:36:02Z INFO ScriptHandler] Defaulting to powershell
[2026-06-06 06:36:02Z INFO ScriptHandler] Which2: 'powershell'
[2026-06-06 06:36:02Z INFO ScriptHandler] Location: 'C:\Windows\System32\WindowsPowerShell\v1.0\powershell.EXE'
[2026-06-06 06:36:02Z INFO JobServerQueue] Got a step log file to send to results service.
[2026-06-06 06:36:02Z INFO JobServerQueue] Starting upload of step log file to results service ResultsLog, C:\Users\Jean\AulaCI_POS\pgats-ci\actions-runner\_diag\blocks\f9c4827b-31cc-423a-bb9b-492c28b04993_0d1888d2-623e-4805-8711-b4e25d081deb.1
[2026-06-06 06:36:02Z INFO HostContext] Well known directory 'Bin': 'C:\Users\Jean\AulaCI_POS\pgats-ci\actions-runner\bin'
[2026-06-06 06:36:02Z INFO HostContext] Well known directory 'Root': 'C:\Users\Jean\AulaCI_POS\pgats-ci\actions-runner'
[2026-06-06 06:36:02Z INFO HostContext] Well known directory 'Work': 'C:\Users\Jean\AulaCI_POS\pgats-ci\actions-runner\_work'
[2026-06-06 06:36:02Z INFO HostContext] Well known directory 'Temp': 'C:\Users\Jean\AulaCI_POS\pgats-ci\actions-runner\_work\_temp'
[2026-06-06 06:36:02Z INFO ScriptHandler] Which2: 'pwsh'
[2026-06-06 06:36:02Z INFO ScriptHandler] pwsh: command not found. Make sure 'pwsh' is installed and its location included in the 'Path' environment variable.
[2026-06-06 06:36:02Z INFO ScriptHandler] Defaulting to powershell
[2026-06-06 06:36:02Z INFO ScriptHandler] Which2: 'powershell'
[2026-06-06 06:36:02Z INFO ScriptHandler] Location: 'C:\Windows\System32\WindowsPowerShell\v1.0\powershell.EXE'
[2026-06-06 06:36:02Z INFO ProcessInvokerWrapper] Starting process:
[2026-06-06 06:36:02Z INFO ProcessInvokerWrapper]   File name: 'C:\Windows\System32\WindowsPowerShell\v1.0\powershell.EXE'
[2026-06-06 06:36:02Z INFO ProcessInvokerWrapper]   Arguments: '-command ". 'C:\Users\Jean\AulaCI_POS\pgats-ci\actions-runner\_work\_temp\8922b071-f8e8-4135-8259-9f9f64048472.ps1'"'
[2026-06-06 06:36:02Z INFO ProcessInvokerWrapper]   Working directory: 'C:\Users\Jean\AulaCI_POS\pgats-ci\actions-runner\_work\pgats-ci\pgats-ci'
[2026-06-06 06:36:02Z INFO ProcessInvokerWrapper]   Require exit code zero: 'False'
[2026-06-06 06:36:02Z INFO ProcessInvokerWrapper]   Encoding web name:  ; code page: ''
[2026-06-06 06:36:02Z INFO ProcessInvokerWrapper]   Force kill process on cancellation: 'False'
[2026-06-06 06:36:02Z INFO ProcessInvokerWrapper]   Redirected STDIN: 'False'
[2026-06-06 06:36:02Z INFO ProcessInvokerWrapper]   Persist current code page: 'True'
[2026-06-06 06:36:02Z INFO ProcessInvokerWrapper]   Keep redirected STDIN open: 'False'
[2026-06-06 06:36:02Z INFO ProcessInvokerWrapper]   High priority process: 'False'
[2026-06-06 06:36:02Z INFO ProcessInvokerWrapper] Process started with process id 34488, waiting for process exit.
[2026-06-06 06:36:03Z INFO JobServerQueue] Try to append 1 batches web console lines for record '9e3dbcb9-6e00-4f53-b07c-b63ad1a77ee1', success rate: 1/1.
[2026-06-06 06:36:03Z INFO ProcessInvokerWrapper] STDOUT/STDERR stream read finished.
[2026-06-06 06:36:03Z INFO ProcessInvokerWrapper] STDOUT/STDERR stream read finished.
[2026-06-06 06:36:03Z INFO ProcessInvokerWrapper] Finished process 34488 with exit code 1, and elapsed time 00:00:00.2823660.
[2026-06-06 06:36:03Z INFO CreateStepSummaryCommand] Step Summary file (C:\Users\Jean\AulaCI_POS\pgats-ci\actions-runner\_work\_temp\_runner_file_commands\step_summary_bacfd327-7109-4c65-89ed-764757e0191b) is empty; skipping attachment upload
[2026-06-06 06:36:03Z INFO StepsRunner] Step result: Failed
[2026-06-06 06:36:03Z INFO ExecutionContext] Publish step telemetry for current step {
  "action": "powershell",
  "type": "run",
  "stage": "Main",
  "stepId": "9e3dbcb9-6e00-4f53-b07c-b63ad1a77ee1",
  "stepContextName": "__run",
  "result": "failed",
  "errorMessages": [
    "Process completed with exit code 1."
  ],
  "executionTimeInSeconds": 1,
  "startTime": "2026-06-06T06:36:02.7565763Z",
  "finishTime": "2026-06-06T06:36:03.0939769Z"
}.
[2026-06-06 06:36:03Z INFO StepsRunner] Update job result with current step result 'Failed'.
[2026-06-06 06:36:03Z INFO StepsRunner] Current state: job state = 'Failed'
[2026-06-06 06:36:03Z INFO StepsRunner] Processing step: DisplayName='Instalando dependências'
[2026-06-06 06:36:03Z INFO StepsRunner] Evaluating: success()
[2026-06-06 06:36:03Z INFO StepsRunner] Result: false
[2026-06-06 06:36:03Z INFO StepsRunner] Skipping step due to condition evaluation.
[2026-06-06 06:36:03Z INFO StepsRunner] No need for updating job result with current step result 'Skipped'.
[2026-06-06 06:36:03Z INFO StepsRunner] Current state: job state = 'Failed'
[2026-06-06 06:36:03Z INFO StepsRunner] Processing step: DisplayName='Instalando Browsers do Playwright'
[2026-06-06 06:36:03Z INFO StepsRunner] Evaluating: success()
[2026-06-06 06:36:03Z INFO StepsRunner] Result: false
[2026-06-06 06:36:03Z INFO StepsRunner] Skipping step due to condition evaluation.
[2026-06-06 06:36:03Z INFO StepsRunner] No need for updating job result with current step result 'Skipped'.
[2026-06-06 06:36:03Z INFO StepsRunner] Current state: job state = 'Failed'
[2026-06-06 06:36:03Z INFO StepsRunner] Processing step: DisplayName='Executando testes e2e'
[2026-06-06 06:36:03Z INFO StepsRunner] Evaluating: success()
[2026-06-06 06:36:03Z INFO StepsRunner] Result: false
[2026-06-06 06:36:03Z INFO StepsRunner] Skipping step due to condition evaluation.
[2026-06-06 06:36:03Z INFO StepsRunner] No need for updating job result with current step result 'Skipped'.
[2026-06-06 06:36:03Z INFO StepsRunner] Current state: job state = 'Failed'
[2026-06-06 06:36:03Z INFO StepsRunner] Processing step: DisplayName='Post Run actions/setup-node@v4'
[2026-06-06 06:36:03Z INFO StepsRunner] Evaluating: success()
[2026-06-06 06:36:03Z INFO StepsRunner] Result: false
[2026-06-06 06:36:03Z INFO StepsRunner] Skipping step due to condition evaluation.
[2026-06-06 06:36:03Z INFO StepsRunner] No need for updating job result with current step result 'Skipped'.
[2026-06-06 06:36:03Z INFO StepsRunner] Current state: job state = 'Failed'
[2026-06-06 06:36:03Z INFO StepsRunner] Processing step: DisplayName='Post Run actions/checkout@v4'
[2026-06-06 06:36:03Z INFO StepsRunner] Evaluating: always()
[2026-06-06 06:36:03Z INFO StepsRunner] Result: true
[2026-06-06 06:36:03Z INFO StepsRunner] Starting the step.
[2026-06-06 06:36:03Z INFO HostContext] Well known directory 'Bin': 'C:\Users\Jean\AulaCI_POS\pgats-ci\actions-runner\bin'
[2026-06-06 06:36:03Z INFO HostContext] Well known directory 'Root': 'C:\Users\Jean\AulaCI_POS\pgats-ci\actions-runner'
[2026-06-06 06:36:03Z INFO HostContext] Well known directory 'Work': 'C:\Users\Jean\AulaCI_POS\pgats-ci\actions-runner\_work'
[2026-06-06 06:36:03Z INFO StepsRunner] Which2: 'chcp'
[2026-06-06 06:36:03Z INFO StepsRunner] Location: 'C:\Windows\system32\chcp.COM'
[2026-06-06 06:36:03Z INFO ProcessInvokerWrapper] Starting process:
[2026-06-06 06:36:03Z INFO ProcessInvokerWrapper]   File name: 'C:\Windows\system32\chcp.COM'
[2026-06-06 06:36:03Z INFO ProcessInvokerWrapper]   Arguments: '65001'
[2026-06-06 06:36:03Z INFO ProcessInvokerWrapper]   Working directory: 'C:\Users\Jean\AulaCI_POS\pgats-ci\actions-runner\_work'
[2026-06-06 06:36:03Z INFO ProcessInvokerWrapper]   Require exit code zero: 'False'
[2026-06-06 06:36:03Z INFO ProcessInvokerWrapper]   Encoding web name:  ; code page: ''
[2026-06-06 06:36:03Z INFO ProcessInvokerWrapper]   Force kill process on cancellation: 'False'
[2026-06-06 06:36:03Z INFO ProcessInvokerWrapper]   Redirected STDIN: 'False'
[2026-06-06 06:36:03Z INFO ProcessInvokerWrapper]   Persist current code page: 'True'
[2026-06-06 06:36:03Z INFO ProcessInvokerWrapper]   Keep redirected STDIN open: 'False'
[2026-06-06 06:36:03Z INFO ProcessInvokerWrapper]   High priority process: 'False'
[2026-06-06 06:36:03Z INFO ProcessInvokerWrapper] Process started with process id 30792, waiting for process exit.
[2026-06-06 06:36:03Z INFO ProcessInvokerWrapper] STDOUT/STDERR stream read finished.
[2026-06-06 06:36:03Z INFO ProcessInvokerWrapper] STDOUT/STDERR stream read finished.
[2026-06-06 06:36:03Z INFO ProcessInvokerWrapper] Finished process 30792 with exit code 0, and elapsed time 00:00:00.0077147.
[2026-06-06 06:36:03Z INFO StepsRunner] Successfully returned to code page 65001 (UTF8)
[2026-06-06 06:36:03Z INFO HostContext] Well known directory 'Bin': 'C:\Users\Jean\AulaCI_POS\pgats-ci\actions-runner\bin'
[2026-06-06 06:36:03Z INFO HostContext] Well known directory 'Root': 'C:\Users\Jean\AulaCI_POS\pgats-ci\actions-runner'
[2026-06-06 06:36:03Z INFO HostContext] Well known directory 'Work': 'C:\Users\Jean\AulaCI_POS\pgats-ci\actions-runner\_work'
[2026-06-06 06:36:03Z INFO HostContext] Well known directory 'Actions': 'C:\Users\Jean\AulaCI_POS\pgats-ci\actions-runner\_work\_actions'
[2026-06-06 06:36:03Z INFO ActionManager] Load action that reference repository from 'C:\Users\Jean\AulaCI_POS\pgats-ci\actions-runner\_work\_actions\actions\checkout\v4'
[2026-06-06 06:36:03Z INFO HostContext] Well known directory 'Bin': 'C:\Users\Jean\AulaCI_POS\pgats-ci\actions-runner\bin'
[2026-06-06 06:36:03Z INFO HostContext] Well known directory 'Root': 'C:\Users\Jean\AulaCI_POS\pgats-ci\actions-runner'
[2026-06-06 06:36:03Z INFO HostContext] Well known directory 'Work': 'C:\Users\Jean\AulaCI_POS\pgats-ci\actions-runner\_work'
[2026-06-06 06:36:03Z INFO HostContext] Well known directory 'Actions': 'C:\Users\Jean\AulaCI_POS\pgats-ci\actions-runner\_work\_actions'
[2026-06-06 06:36:03Z INFO ActionManifestManagerLegacy] Loaded action.yml file: {
  "name": "Checkout",
  "description": "Checkout a Git repository at a particular version",
  "inputs": {
    "type": 2,
    "map": [
      {
        "key": {
          "type": 0,
          "file": 2,
          "line": 4,
          "col": 3,
          "lit": "repository"
        },
        "value": {
          "type": 3,
          "file": 2,
          "line": 6,
          "col": 14,
          "expr": "github.repository"
        }
      },
      {
        "key": {
          "type": 0,
          "file": 2,
          "line": 7,
          "col": 3,
          "lit": "ref"
        },
        "value": ""
      },
      {
        "key": {
          "type": 0,
          "file": 2,
          "line": 12,
          "col": 3,
          "lit": "token"
        },
        "value": {
          "type": 3,
          "file": 2,
          "line": 24,
          "col": 14,
          "expr": "github.token"
        }
      },
      {
        "key": {
          "type": 0,
          "file": 2,
          "line": 25,
          "col": 3,
          "lit": "ssh-key"
        },
        "value": ""
      },
      {
        "key": {
          "type": 0,
          "file": 2,
          "line": 37,
          "col": 3,
          "lit": "ssh-known-hosts"
        },
        "value": ""
      },
      {
        "key": {
          "type": 0,
          "file": 2,
          "line": 42,
          "col": 3,
          "lit": "ssh-strict"
        },
        "value": {
          "type": 0,
          "file": 2,
          "line": 47,
          "col": 14,
          "lit": "true"
        }
      },
      {
        "key": {
          "type": 0,
          "file": 2,
          "line": 48,
          "col": 3,
          "lit": "ssh-user"
        },
        "value": {
          "type": 0,
          "file": 2,
          "line": 51,
          "col": 14,
          "lit": "git"
        }
      },
      {
        "key": {
          "type": 0,
          "file": 2,
          "line": 52,
          "col": 3,
          "lit": "persist-credentials"
        },
        "value": {
          "type": 0,
          "file": 2,
          "line": 54,
          "col": 14,
          "lit": "true"
        }
      },
      {
        "key": {
          "type": 0,
          "file": 2,
          "line": 55,
          "col": 3,
          "lit": "path"
        },
        "value": ""
      },
      {
        "key": {
          "type": 0,
          "file": 2,
          "line": 57,
          "col": 3,
          "lit": "clean"
        },
        "value": {
          "type": 0,
          "file": 2,
          "line": 59,
          "col": 14,
          "lit": "true"
        }
      },
      {
        "key": {
          "type": 0,
          "file": 2,
          "line": 60,
          "col": 3,
          "lit": "filter"
        },
        "value": {
          "type": 0,
          "file": 2,
          "line": 64,
          "col": 14,
          "lit": ""
        }
      },
      {
        "key": {
          "type": 0,
          "file": 2,
          "line": 65,
          "col": 3,
          "lit": "sparse-checkout"
        },
        "value": {
          "type": 0,
          "file": 2,
          "line": 69,
          "col": 14,
          "lit": ""
        }
      },
      {
        "key": {
          "type": 0,
          "file": 2,
          "line": 70,
          "col": 3,
          "lit": "sparse-checkout-cone-mode"
        },
        "value": {
          "type": 0,
          "file": 2,
          "line": 73,
          "col": 14,
          "lit": "true"
        }
      },
      {
        "key": {
          "type": 0,
          "file": 2,
          "line": 74,
          "col": 3,
          "lit": "fetch-depth"
        },
        "value": {
          "type": 0,
          "file": 2,
          "line": 76,
          "col": 14,
          "lit": "1"
        }
      },
      {
        "key": {
          "type": 0,
          "file": 2,
          "line": 77,
          "col": 3,
          "lit": "fetch-tags"
        },
        "value": {
          "type": 0,
          "file": 2,
          "line": 79,
          "col": 14,
          "lit": "false"
        }
      },
      {
        "key": {
          "type": 0,
          "file": 2,
          "line": 80,
          "col": 3,
          "lit": "show-progress"
        },
        "value": {
          "type": 0,
          "file": 2,
          "line": 82,
          "col": 14,
          "lit": "true"
        }
      },
      {
        "key": {
          "type": 0,
          "file": 2,
          "line": 83,
          "col": 3,
          "lit": "lfs"
        },
        "value": {
          "type": 0,
          "file": 2,
          "line": 85,
          "col": 14,
          "lit": "false"
        }
      },
      {
        "key": {
          "type": 0,
          "file": 2,
          "line": 86,
          "col": 3,
          "lit": "submodules"
        },
        "value": {
          "type": 0,
          "file": 2,
          "line": 94,
          "col": 14,
          "lit": "false"
        }
      },
      {
        "key": {
          "type": 0,
          "file": 2,
          "line": 95,
          "col": 3,
          "lit": "set-safe-directory"
        },
        "value": {
          "type": 0,
          "file": 2,
          "line": 97,
          "col": 14,
          "lit": "true"
        }
      },
      {
        "key": {
          "type": 0,
          "file": 2,
          "line": 98,
          "col": 3,
          "lit": "github-server-url"
        },
        "value": ""
      }
    ]
  },
  "execution": {
    "executionType": "nodeJS",
    "hasPre": false,
    "hasPost": true,
    "script": "dist/index.js",
    "pre": null,
    "post": "dist/index.js",
    "nodeVersion": "node20",
    "cleanupCondition": "always()",
    "initCondition": "always()"
  },
  "deprecated": null
}
[2026-06-06 06:36:03Z INFO ActionManager] Action pre node.js file: N/A.
[2026-06-06 06:36:03Z INFO ActionManager] Action node.js file: dist/index.js.
[2026-06-06 06:36:03Z INFO ActionManager] Action post node.js file: dist/index.js.
[2026-06-06 06:36:03Z INFO HostContext] Well known directory 'Bin': 'C:\Users\Jean\AulaCI_POS\pgats-ci\actions-runner\bin'
[2026-06-06 06:36:03Z INFO HostContext] Well known directory 'Root': 'C:\Users\Jean\AulaCI_POS\pgats-ci\actions-runner'
[2026-06-06 06:36:03Z INFO HostContext] Well known directory 'Work': 'C:\Users\Jean\AulaCI_POS\pgats-ci\actions-runner\_work'
[2026-06-06 06:36:03Z INFO HostContext] Well known directory 'Temp': 'C:\Users\Jean\AulaCI_POS\pgats-ci\actions-runner\_work\_temp'
[2026-06-06 06:36:03Z INFO ExecutionContext] Write event payload to C:\Users\Jean\AulaCI_POS\pgats-ci\actions-runner\_work\_temp\_github_workflow\event.json
[2026-06-06 06:36:03Z INFO HostContext] Well known directory 'Bin': 'C:\Users\Jean\AulaCI_POS\pgats-ci\actions-runner\bin'
[2026-06-06 06:36:03Z INFO HostContext] Well known directory 'Root': 'C:\Users\Jean\AulaCI_POS\pgats-ci\actions-runner'
[2026-06-06 06:36:03Z INFO HostContext] Well known directory 'Work': 'C:\Users\Jean\AulaCI_POS\pgats-ci\actions-runner\_work'
[2026-06-06 06:36:03Z INFO HostContext] Well known directory 'Temp': 'C:\Users\Jean\AulaCI_POS\pgats-ci\actions-runner\_work\_temp'
[2026-06-06 06:36:03Z INFO ExtensionManager] Getting extensions for interface: 'GitHub.Runner.Worker.IFileCommandExtension'
[2026-06-06 06:36:03Z INFO ActionManifestManagerLegacy] Input 'repository': default value evaluate result: {
  "type": 0,
  "file": 2,
  "line": 6,
  "col": 14,
  "lit": "jeanfelippe/pgats-ci"
}
[2026-06-06 06:36:03Z INFO ActionManifestManagerLegacy] Input 'ref': default value evaluate result: ""
[2026-06-06 06:36:03Z INFO ActionManifestManagerLegacy] Input 'token': default value evaluate result: {
  "type": 0,
  "file": 2,
  "line": 24,
  "col": 14,
  "lit": "***"
}
[2026-06-06 06:36:03Z INFO ActionManifestManagerLegacy] Input 'ssh-key': default value evaluate result: ""
[2026-06-06 06:36:03Z INFO ActionManifestManagerLegacy] Input 'ssh-known-hosts': default value evaluate result: ""
[2026-06-06 06:36:03Z INFO ActionManifestManagerLegacy] Input 'ssh-strict': default value evaluate result: {
  "type": 0,
  "file": 2,
  "line": 47,
  "col": 14,
  "lit": "true"
}
[2026-06-06 06:36:03Z INFO ActionManifestManagerLegacy] Input 'ssh-user': default value evaluate result: {
  "type": 0,
  "file": 2,
  "line": 51,
  "col": 14,
  "lit": "git"
}
[2026-06-06 06:36:03Z INFO ActionManifestManagerLegacy] Input 'persist-credentials': default value evaluate result: {
  "type": 0,
  "file": 2,
  "line": 54,
  "col": 14,
  "lit": "true"
}
[2026-06-06 06:36:03Z INFO ActionManifestManagerLegacy] Input 'path': default value evaluate result: ""
[2026-06-06 06:36:03Z INFO ActionManifestManagerLegacy] Input 'clean': default value evaluate result: {
  "type": 0,
  "file": 2,
  "line": 59,
  "col": 14,
  "lit": "true"
}
[2026-06-06 06:36:03Z INFO ActionManifestManagerLegacy] Input 'filter': default value evaluate result: {
  "type": 0,
  "file": 2,
  "line": 64,
  "col": 14,
  "lit": ""
}
[2026-06-06 06:36:03Z INFO ActionManifestManagerLegacy] Input 'sparse-checkout': default value evaluate result: {
  "type": 0,
  "file": 2,
  "line": 69,
  "col": 14,
  "lit": ""
}
[2026-06-06 06:36:03Z INFO ActionManifestManagerLegacy] Input 'sparse-checkout-cone-mode': default value evaluate result: {
  "type": 0,
  "file": 2,
  "line": 73,
  "col": 14,
  "lit": "true"
}
[2026-06-06 06:36:03Z INFO ActionManifestManagerLegacy] Input 'fetch-depth': default value evaluate result: {
  "type": 0,
  "file": 2,
  "line": 76,
  "col": 14,
  "lit": "1"
}
[2026-06-06 06:36:03Z INFO ActionManifestManagerLegacy] Input 'fetch-tags': default value evaluate result: {
  "type": 0,
  "file": 2,
  "line": 79,
  "col": 14,
  "lit": "false"
}
[2026-06-06 06:36:03Z INFO ActionManifestManagerLegacy] Input 'show-progress': default value evaluate result: {
  "type": 0,
  "file": 2,
  "line": 82,
  "col": 14,
  "lit": "true"
}
[2026-06-06 06:36:03Z INFO ActionManifestManagerLegacy] Input 'lfs': default value evaluate result: {
  "type": 0,
  "file": 2,
  "line": 85,
  "col": 14,
  "lit": "false"
}
[2026-06-06 06:36:03Z INFO ActionManifestManagerLegacy] Input 'submodules': default value evaluate result: {
  "type": 0,
  "file": 2,
  "line": 94,
  "col": 14,
  "lit": "false"
}
[2026-06-06 06:36:03Z INFO ActionManifestManagerLegacy] Input 'set-safe-directory': default value evaluate result: {
  "type": 0,
  "file": 2,
  "line": 97,
  "col": 14,
  "lit": "true"
}
[2026-06-06 06:36:03Z INFO ActionManifestManagerLegacy] Input 'github-server-url': default value evaluate result: ""
[2026-06-06 06:36:03Z INFO ExtensionManager] Getting extensions for interface: 'GitHub.Runner.Worker.IActionCommandExtension'
[2026-06-06 06:36:03Z INFO ActionCommandManager] Register action command extension for command internal-set-repo-path
[2026-06-06 06:36:03Z INFO ActionCommandManager] Register action command extension for command set-env
[2026-06-06 06:36:03Z INFO ActionCommandManager] Register action command extension for command set-output
[2026-06-06 06:36:03Z INFO ActionCommandManager] Register action command extension for command save-state
[2026-06-06 06:36:03Z INFO ActionCommandManager] Register action command extension for command add-path
[2026-06-06 06:36:03Z INFO ActionCommandManager] Register action command extension for command add-mask
[2026-06-06 06:36:03Z INFO ActionCommandManager] Register action command extension for command add-matcher
[2026-06-06 06:36:03Z INFO ActionCommandManager] Register action command extension for command remove-matcher
[2026-06-06 06:36:03Z INFO ActionCommandManager] Register action command extension for command warning
[2026-06-06 06:36:03Z INFO ActionCommandManager] Register action command extension for command error
[2026-06-06 06:36:03Z INFO ActionCommandManager] Register action command extension for command notice
[2026-06-06 06:36:03Z INFO ActionCommandManager] Register action command extension for command debug
[2026-06-06 06:36:03Z INFO ActionCommandManager] Register action command extension for command group
[2026-06-06 06:36:03Z INFO ActionCommandManager] Register action command extension for command endgroup
[2026-06-06 06:36:03Z INFO ActionCommandManager] Register action command extension for command echo
[2026-06-06 06:36:03Z INFO HostContext] Well known directory 'Bin': 'C:\Users\Jean\AulaCI_POS\pgats-ci\actions-runner\bin'
[2026-06-06 06:36:03Z INFO HostContext] Well known directory 'Root': 'C:\Users\Jean\AulaCI_POS\pgats-ci\actions-runner'
[2026-06-06 06:36:03Z INFO HostContext] Well known directory 'Externals': 'C:\Users\Jean\AulaCI_POS\pgats-ci\actions-runner\externals'
[2026-06-06 06:36:03Z INFO ProcessInvokerWrapper] Starting process:
[2026-06-06 06:36:03Z INFO ProcessInvokerWrapper]   File name: 'C:\Users\Jean\AulaCI_POS\pgats-ci\actions-runner\externals\node20\bin\node.exe'
[2026-06-06 06:36:03Z INFO ProcessInvokerWrapper]   Arguments: '"C:\Users\Jean\AulaCI_POS\pgats-ci\actions-runner\_work\_actions\actions\checkout\v4\dist/index.js"'
[2026-06-06 06:36:03Z INFO ProcessInvokerWrapper]   Working directory: 'C:\Users\Jean\AulaCI_POS\pgats-ci\actions-runner\_work\pgats-ci\pgats-ci'
[2026-06-06 06:36:03Z INFO ProcessInvokerWrapper]   Require exit code zero: 'False'
[2026-06-06 06:36:03Z INFO ProcessInvokerWrapper]   Encoding web name: utf-8 ; code page: '65001'
[2026-06-06 06:36:03Z INFO ProcessInvokerWrapper]   Force kill process on cancellation: 'False'
[2026-06-06 06:36:03Z INFO ProcessInvokerWrapper]   Redirected STDIN: 'False'
[2026-06-06 06:36:03Z INFO ProcessInvokerWrapper]   Persist current code page: 'True'
[2026-06-06 06:36:03Z INFO ProcessInvokerWrapper]   Keep redirected STDIN open: 'False'
[2026-06-06 06:36:03Z INFO ProcessInvokerWrapper]   High priority process: 'False'
[2026-06-06 06:36:03Z INFO ProcessInvokerWrapper] Process started with process id 32452, waiting for process exit.
[2026-06-06 06:36:03Z INFO JobServerQueue] Tried to upload 1 file(s) to results, success rate: 1/1.
[2026-06-06 06:36:03Z INFO JobServerQueue] Try to append 1 batches web console lines for record '9e3dbcb9-6e00-4f53-b07c-b63ad1a77ee1', success rate: 1/1.
[2026-06-06 06:36:03Z INFO JobServerQueue] Try to append 1 batches web console lines for record '5640835c-228a-4ca7-bbf3-00a66d586d50', success rate: 1/1.
[2026-06-06 06:36:03Z INFO AddMaskCommandExtension] Add new secret mask with length of 32
[2026-06-06 06:36:03Z INFO JobServerQueue] Try to upload 2 log files or attachments, success rate: 2/2.
[2026-06-06 06:36:03Z INFO JobServerQueue] Try to append 1 batches web console lines for record '5640835c-228a-4ca7-bbf3-00a66d586d50', success rate: 1/1.
[2026-06-06 06:36:04Z INFO JobServerQueue] Try to append 1 batches web console lines for record '5640835c-228a-4ca7-bbf3-00a66d586d50', success rate: 1/1.
[2026-06-06 06:36:04Z INFO JobServerQueue] Got a step log file to send to results service.
[2026-06-06 06:36:04Z INFO JobServerQueue] Starting upload of step log file to results service ResultsLog, C:\Users\Jean\AulaCI_POS\pgats-ci\actions-runner\_diag\blocks\f9c4827b-31cc-423a-bb9b-492c28b04993_9e3dbcb9-6e00-4f53-b07c-b63ad1a77ee1.1
[2026-06-06 06:36:04Z INFO JobServerQueue] Tried to upload 1 file(s) to results, success rate: 1/1.
[2026-06-06 06:36:04Z INFO JobServerQueue] Try to append 1 batches web console lines for record '5640835c-228a-4ca7-bbf3-00a66d586d50', success rate: 1/1.
[2026-06-06 06:36:05Z INFO ProcessInvokerWrapper] STDOUT/STDERR stream read finished.
[2026-06-06 06:36:05Z INFO ProcessInvokerWrapper] STDOUT/STDERR stream read finished.
[2026-06-06 06:36:05Z INFO ProcessInvokerWrapper] Finished process 32452 with exit code 0, and elapsed time 00:00:01.9197472.
[2026-06-06 06:36:05Z INFO CreateStepSummaryCommand] Step Summary file (C:\Users\Jean\AulaCI_POS\pgats-ci\actions-runner\_work\_temp\_runner_file_commands\step_summary_ef57b54e-e886-44bd-ac2f-7806356657c7) is empty; skipping attachment upload
[2026-06-06 06:36:05Z INFO StepsRunner] Step result: 
[2026-06-06 06:36:05Z INFO ExecutionContext] Publish step telemetry for current step {
  "action": "actions/checkout",
  "ref": "v4",
  "type": "node20",
  "stage": "Post",
  "stepId": "5640835c-228a-4ca7-bbf3-00a66d586d50",
  "result": "succeeded",
  "errorMessages": [],
  "executionTimeInSeconds": 2,
  "startTime": "2026-06-06T06:36:03.0988879Z",
  "finishTime": "2026-06-06T06:36:05.0842683Z"
}.
[2026-06-06 06:36:05Z INFO StepsRunner] No need for updating job result with current step result 'Succeeded'.
[2026-06-06 06:36:05Z INFO StepsRunner] Current state: job state = 'Failed'
[2026-06-06 06:36:05Z INFO JobRunner] Finalize job.
[2026-06-06 06:36:05Z INFO HostContext] Well known directory 'Bin': 'C:\Users\Jean\AulaCI_POS\pgats-ci\actions-runner\bin'
[2026-06-06 06:36:05Z INFO HostContext] Well known directory 'Root': 'C:\Users\Jean\AulaCI_POS\pgats-ci\actions-runner'
[2026-06-06 06:36:05Z INFO HostContext] Well known directory 'Diag': 'C:\Users\Jean\AulaCI_POS\pgats-ci\actions-runner\_diag'
[2026-06-06 06:36:05Z INFO HostContext] Well known directory 'Bin': 'C:\Users\Jean\AulaCI_POS\pgats-ci\actions-runner\bin'
[2026-06-06 06:36:05Z INFO HostContext] Well known directory 'Root': 'C:\Users\Jean\AulaCI_POS\pgats-ci\actions-runner'
[2026-06-06 06:36:05Z INFO HostContext] Well known directory 'Diag': 'C:\Users\Jean\AulaCI_POS\pgats-ci\actions-runner\_diag'
[2026-06-06 06:36:05Z INFO JobExtension] Initialize Env context
[2026-06-06 06:36:05Z INFO JobExtension] Initialize steps context
[2026-06-06 06:36:05Z INFO JobExtension] Total accessible running process: 230.
[2026-06-06 06:36:05Z INFO JobExtension] Wait for all connectivity checks to finish.
[2026-06-06 06:36:05Z INFO JobExtension] Connectivity check result: GitHub.Runner.Worker.JobExtension+CheckResult
[2026-06-06 06:36:05Z INFO JobExtension] Connectivity check result: GitHub.Runner.Worker.JobExtension+CheckResult
[2026-06-06 06:36:05Z INFO JobExtension] Connectivity check result: GitHub.Runner.Worker.JobExtension+CheckResult
[2026-06-06 06:36:05Z INFO ExecutionContext] Publish step telemetry for current step {
  "action": "complete_job",
  "type": "runner",
  "stage": "Post",
  "stepId": "19d95dbf-143f-4c97-80d9-a2f8d3db8008",
  "result": "succeeded",
  "errorMessages": [
    "Node.js 20 actions are deprecated. The following actions are running on Node.js 20 and may not work as expected: actions/checkout@v4, actions/setup-node@v4. Actions will be forced to run with Node.js 24 by default starting June 16th, 2026. Node.js 20 will "
  ],
  "executionTimeInSeconds": 1,
  "startTime": "2026-06-06T06:36:05.090211Z",
  "finishTime": "2026-06-06T06:36:05.1011508Z"
}.
[2026-06-06 06:36:05Z INFO JobRunner] Job result after all job steps finish: Failed
[2026-06-06 06:36:05Z INFO JobRunner] Completing the job execution context.
[2026-06-06 06:36:05Z INFO JobRunner] Shutting down the job server queue.
[2026-06-06 06:36:05Z INFO JobServerQueue] Fire signal to shutdown all queues.
[2026-06-06 06:36:05Z INFO JobServerQueue] All queue process task stopped.
[2026-06-06 06:36:05Z INFO JobServerQueue] Try to append 1 batches web console lines for record '19d95dbf-143f-4c97-80d9-a2f8d3db8008', success rate: 1/1.
[2026-06-06 06:36:05Z INFO JobServerQueue] Web console line queue drained.
[2026-06-06 06:36:05Z INFO JobServerQueue] Uploading 3 files in one shot.
[2026-06-06 06:36:05Z INFO JobServerQueue] Try to upload 3 log files or attachments, success rate: 3/3.
[2026-06-06 06:36:05Z INFO JobServerQueue] File upload queue drained.
[2026-06-06 06:36:05Z INFO JobServerQueue] Starting results-based upload queue...
[2026-06-06 06:36:05Z INFO JobServerQueue] Uploading 3 file(s) in one shot through results service.
[2026-06-06 06:36:05Z INFO JobServerQueue] Got a step log file to send to results service.
[2026-06-06 06:36:05Z INFO JobServerQueue] Starting upload of step log file to results service ResultsLog, C:\Users\Jean\AulaCI_POS\pgats-ci\actions-runner\_diag\blocks\f9c4827b-31cc-423a-bb9b-492c28b04993_5640835c-228a-4ca7-bbf3-00a66d586d50.1
[2026-06-06 06:36:06Z INFO JobServerQueue] Got a step log file to send to results service.
[2026-06-06 06:36:06Z INFO JobServerQueue] Starting upload of step log file to results service ResultsLog, C:\Users\Jean\AulaCI_POS\pgats-ci\actions-runner\_diag\blocks\f9c4827b-31cc-423a-bb9b-492c28b04993_19d95dbf-143f-4c97-80d9-a2f8d3db8008.1
[2026-06-06 06:36:06Z INFO JobServerQueue] Got a job log file to send to results service.
[2026-06-06 06:36:06Z INFO JobServerQueue] Starting upload of job log file to results service ResultsLog, C:\Users\Jean\AulaCI_POS\pgats-ci\actions-runner\_diag\blocks\f9c4827b-31cc-423a-bb9b-492c28b04993_094cf1e8-73a5-575f-9cb0-1707aecea06f.1
[2026-06-06 06:36:06Z INFO JobServerQueue] Tried to upload 3 file(s) to results, success rate: 3/3.
[2026-06-06 06:36:06Z INFO JobServerQueue] Results upload queue drained.
[2026-06-06 06:36:06Z INFO JobServerQueue] Timeline update queue drained.
[2026-06-06 06:36:06Z INFO JobServerQueue] Disposing job server ...
[2026-06-06 06:36:06Z INFO JobServerQueue] Disposing results server ...
[2026-06-06 06:36:06Z INFO JobServerQueue] All queue process tasks have been stopped, and all queues are drained.
[2026-06-06 06:36:06Z INFO TempDirectoryManager] Cleaning runner temp folder: C:\Users\Jean\AulaCI_POS\pgats-ci\actions-runner\_work\_temp
[2026-06-06 06:36:07Z INFO HostContext] Well known directory 'Bin': 'C:\Users\Jean\AulaCI_POS\pgats-ci\actions-runner\bin'
[2026-06-06 06:36:07Z INFO HostContext] Well known directory 'Root': 'C:\Users\Jean\AulaCI_POS\pgats-ci\actions-runner'
[2026-06-06 06:36:07Z INFO HostContext] Well known directory 'Diag': 'C:\Users\Jean\AulaCI_POS\pgats-ci\actions-runner\_diag'
[2026-06-06 06:36:07Z INFO HostContext] Well known config file 'Telemetry': 'C:\Users\Jean\AulaCI_POS\pgats-ci\actions-runner\_diag\.telemetry'
[2026-06-06 06:36:07Z INFO JobRunner] Raising job completed against run service
[2026-06-06 06:36:08Z INFO Worker] Job completed.
